start_index,end_index,start_date,end_date,peak_date,duration,intensity_max,intensity_mean,intensity_cumulative,category,category_name,lat_index,lon_index
705,709,1999-12-07,1999-12-11,1999-12-10,5,3.240285139876555,2.4071151346123956,12.035575673061977,2,Strong,0,0
1178,1183,2001-03-24,2001-03-29,2001-03-25,6,2.2546370618670935,1.9810303352591772,11.886182011555062,1,Moderate,0,0
1668,1686,2002-07-27,2002-08-14,2002-08-07,19,4.836114164181719,3.1955583240781595,60.71560815748503,2,Strong,0,0
1827,1832,2003-01-02,2003-01-07,2003-01-04,6,2.393278596459199,2.0803301585647813,12.481980951388689,1,Moderate,0,0
2215,2225,2004-01-25,2004-02-04,2004-01-31,11,3.2118864171594392,2.5035456818625024,27.539002500487527,1,Moderate,0,0
2277,2291,2004-03-27,2004-04-10,2004-04-05,15,3.0383669746130213,2.380369212262201,35.705538183933015,1,Moderate,0,0
2315,2327,2004-05-04,2004-05-16,2004-05-09,13,6.146808915567519,4.223336579467503,54.903375533077536,3,Severe,0,0
2566,2572,2005-01-10,2005-01-16,2005-01-15,7,2.3086159954076937,2.113753801696806,14.79627661187764,1,Moderate,0,0
2888,2895,2005-11-28,2005-12-05,2005-12-02,8,2.637572883294933,2.0286939158229194,16.229551326583355,1,Moderate,0,0
2978,2984,2006-02-26,2006-03-04,2006-03-03,7,2.857241523028044,2.2612420834291074,15.828694584003753,1,Moderate,0,0
3131,3136,2006-07-29,2006-08-03,2006-08-01,6,2.85416199329217,2.3260759660233727,13.956455796140236,1,Moderate,0,0
3555,3562,2007-09-26,2007-10-03,2007-09-30,8,2.420641843961988,2.0872625021764333,16.698100017411466,1,Moderate,0,0
3593,3608,2007-11-03,2007-11-18,2007-11-08,16,3.3544398281699888,2.4857293122016495,39.77166899522639,2,Strong,0,0
3827,3831,2008-06-24,2008-06-28,2008-06-28,5,2.021953238104839,1.885032669620795,9.425163348103975,1,Moderate,0,0
4428,4432,2010-02-15,2010-02-19,2010-02-19,5,2.8990705125500433,2.4075414096014054,12.037707048007027,1,Moderate,0,0
4449,4453,2010-03-08,2010-03-12,2010-03-10,5,2.71684794815485,2.143521424555654,10.71760712277827,1,Moderate,0,0
4535,4547,2010-06-02,2010-06-14,2010-06-13,13,2.9774557324478756,2.458604394064705,31.961857122841167,1,Moderate,0,0
4552,4568,2010-06-19,2010-07-05,2010-06-22,17,3.0636177143245575,2.3546846787101137,40.02963953807193,1,Moderate,0,0
4574,4593,2010-07-11,2010-07-30,2010-07-25,20,2.728953411908087,2.095977629022771,41.919552580455424,1,Moderate,0,0
4617,4624,2010-08-23,2010-08-30,2010-08-25,8,2.2821095366060966,1.7811343934814818,14.249075147851855,1,Moderate,0,0
4628,4635,2010-09-03,2010-09-10,2010-09-07,8,3.335287139568706,2.570998455425113,20.567987643400905,2,Strong,0,0
4845,4860,2011-04-08,2011-04-23,2011-04-19,16,2.9778648883398624,2.302587486818493,36.84139978909589,1,Moderate,0,0
4894,4898,2011-05-27,2011-05-31,2011-05-29,5,3.0762619420812527,2.5542483124913304,12.771241562456652,1,Moderate,0,0
4996,5010,2011-09-06,2011-09-20,2011-09-15,15,3.3216242508967113,2.097780508145459,31.46670762218188,2,Strong,0,0
5230,5235,2012-04-27,2012-05-02,2012-04-30,6,2.2012710154799073,2.0214568504798307,12.128741102878983,1,Moderate,0,0
5434,5438,2012-11-17,2012-11-21,2012-11-19,5,2.0609988567105013,1.8946756660950548,9.473378330475274,1,Moderate,0,0
5442,5512,2012-11-25,2013-02-03,2012-12-15,71,5.067709070896033,3.2477553227791196,230.59062791731748,3,Severe,0,0
5538,5557,2013-03-01,2013-03-20,2013-03-13,20,3.4826780197962073,2.7372162624447016,54.74432524889403,2,Strong,0,0
5629,5633,2013-05-31,2013-06-04,2013-06-03,5,2.2713257356278262,2.077264597116141,10.386322985580705,1,Moderate,0,0
5948,5952,2014-04-15,2014-04-19,2014-04-15,5,2.489651854424487,2.183169489121808,10.915847445609039,1,Moderate,0,0
5970,5974,2014-05-07,2014-05-11,2014-05-08,5,2.74163748278443,2.4814434412769417,12.407217206384708,1,Moderate,0,0
5982,6000,2014-05-19,2014-06-06,2014-05-23,19,3.148138992185384,2.3579851130083966,44.801717147159536,1,Moderate,0,0
6020,6031,2014-06-26,2014-07-07,2014-06-29,12,3.7642462768452702,2.6998400976462698,32.39808117175524,2,Strong,0,0
6069,6085,2014-08-14,2014-08-30,2014-08-19,17,3.5052801343608095,2.237836989726928,38.04322882535778,2,Strong,0,0
6131,6137,2014-10-15,2014-10-21,2014-10-18,7,3.00352338822454,2.3814379806419743,16.67006586449382,1,Moderate,0,0
6467,6472,2015-09-16,2015-09-21,2015-09-20,6,2.9620852590616096,2.1716454827611127,13.029872896566676,1,Moderate,0,0
6480,6493,2015-09-29,2015-10-12,2015-10-05,14,3.858816266195465,3.20039548628496,44.80553680798944,2,Strong,0,0
6630,6642,2016-02-26,2016-03-09,2016-03-02,13,3.6456508770618203,2.955721349969375,38.42437754960187,2,Strong,0,0
6685,6694,2016-04-21,2016-04-30,2016-04-25,10,2.793758796918798,2.2946041079200805,22.946041079200807,1,Moderate,0,0
6738,6742,2016-06-13,2016-06-17,2016-06-13,5,2.2394536007937162,1.9382819074285542,9.691409537142771,1,Moderate,0,0
6789,6793,2016-08-03,2016-08-07,2016-08-05,5,2.1727693687843512,1.9563885002346801,9.7819425011734,1,Moderate,0,0
6853,6873,2016-10-06,2016-10-26,2016-10-12,21,4.300243742523801,3.388140703296801,71.15095476923283,2,Strong,0,0
6889,6897,2016-11-11,2016-11-19,2016-11-18,9,2.257075614190308,1.9584670760388627,17.626203684349765,1,Moderate,0,0
6988,6993,2017-02-18,2017-02-23,2017-02-21,6,2.4412213278037598,2.0961418689954883,12.57685121397293,1,Moderate,0,0
7135,7141,2017-07-15,2017-07-21,2017-07-18,7,3.243759066149156,2.6133050344638087,18.29313524124666,2,Strong,0,0
7162,7173,2017-08-11,2017-08-22,2017-08-11,12,2.0902526899058707,1.875300210415088,22.503602524981055,1,Moderate,0,0
7266,7272,2017-11-23,2017-11-29,2017-11-26,7,2.404397957832119,2.0863582680203794,14.604507876142657,1,Moderate,0,0
7374,7381,2018-03-11,2018-03-18,2018-03-14,8,3.1872607671728304,2.4345755554148423,19.476604443318738,1,Moderate,0,0
7393,7404,2018-03-30,2018-04-10,2018-04-04,12,3.341539972915898,2.3240313751361557,27.888376501633868,1,Moderate,0,0
7426,7431,2018-05-02,2018-05-07,2018-05-04,6,3.0647822918133336,2.412197531377514,14.473185188265084,1,Moderate,0,0
7459,7476,2018-06-04,2018-06-21,2018-06-07,18,3.1791446611542895,2.4420463967930712,43.95683514227528,1,Moderate,0,0
7850,7865,2019-06-30,2019-07-15,2019-07-05,16,4.252116625449901,2.70365776105999,43.25852417695984,2,Strong,0,0
8244,8250,2020-07-28,2020-08-03,2020-07-29,7,2.445582848735711,2.0473296286668736,14.331307400668116,1,Moderate,0,0
8272,8276,2020-08-25,2020-08-29,2020-08-28,5,2.5800024237051993,2.2977778995327753,11.488889497663877,1,Moderate,0,0
8285,8310,2020-09-07,2020-10-02,2020-09-22,26,4.23415967822514,3.175839465756624,82.57182610967222,2,Strong,0,0
8321,8382,2020-10-13,2020-12-13,2020-11-17,62,6.383582498521353,3.753004075423212,232.68625267623915,4,Extreme,0,0
8437,8455,2021-02-06,2021-02-24,2021-02-18,19,3.9902738516872933,2.8564230700460254,54.27203833087448,2,Strong,0,0
8468,8483,2021-03-09,2021-03-24,2021-03-18,16,3.7473088558985133,2.7678440653397662,44.28550504543626,2,Strong,0,0
8585,8609,2021-07-04,2021-07-28,2021-07-14,25,4.600243996172772,3.099789580335571,77.49473950838927,2,Strong,0,0
8719,8739,2021-11-15,2021-12-05,2021-11-24,21,3.518370071315436,2.256701812862259,47.39073807010744,2,Strong,0,0
8866,8875,2022-04-11,2022-04-20,2022-04-12,10,2.7266071134719994,2.0119293804954435,20.119293804954435,1,Moderate,0,0
8955,8968,2022-07-09,2022-07-22,2022-07-19,14,3.6901025805829235,2.7925935200968945,39.096309281356525,2,Strong,0,0
9155,9159,2023-01-25,2023-01-29,2023-01-27,5,2.545853835654235,2.1192308578687453,10.596154289343726,1,Moderate,0,0
9392,9407,2023-09-19,2023-10-04,2023-09-25,16,2.4351791391103426,1.9260044299276076,30.81607087884172,1,Moderate,0,0
9445,9453,2023-11-11,2023-11-19,2023-11-14,9,2.4622995589574295,1.959258619818075,17.633327578362675,1,Moderate,0,0
443,448,1999-03-20,1999-03-25,1999-03-22,6,2.0442564317564678,1.8687948911530097,11.212769346918058,1,Moderate,0,1
785,794,2000-02-25,2000-03-05,2000-03-02,10,2.3440542491774803,1.9918727917160794,19.918727917160794,1,Moderate,0,1
1021,1030,2000-10-18,2000-10-27,2000-10-22,10,2.152684769965159,1.8788942107482378,18.788942107482377,1,Moderate,0,1
1062,1070,2000-11-28,2000-12-06,2000-12-03,9,3.2201290121033086,2.8127763317564813,25.314986985808332,1,Moderate,0,1
1144,1154,2001-02-18,2001-02-28,2001-02-21,11,2.872026027286278,2.374434533708455,26.118779870793006,1,Moderate,0,1
1554,1559,2002-04-04,2002-04-09,2002-04-08,6,2.775336572702992,2.3267012865079053,13.960207719047432,1,Moderate,0,1
1571,1576,2002-04-21,2002-04-26,2002-04-22,6,2.8789575916226298,2.4568558233029143,14.741134939817485,1,Moderate,0,1
1677,1709,2002-08-05,2002-09-06,2002-08-21,33,5.919514771256271,3.542338380636508,116.89716656100477,3,Severe,0,1
1948,1968,2003-05-03,2003-05-23,2003-05-15,21,4.586558465575134,2.897438374508136,60.84620586467085,3,Severe,0,1
1981,1996,2003-06-05,2003-06-20,2003-06-14,16,4.190653322610725,2.9599359241977528,47.358974787164044,2,Strong,0,1
2225,2231,2004-02-04,2004-02-10,2004-02-07,7,2.654704891589075,2.1329208599904086,14.93044601993286,1,Moderate,0,1
2443,2447,2004-09-09,2004-09-13,2004-09-12,5,2.769810915112078,2.2364290673292637,11.182145336646318,1,Moderate,0,1
2474,2478,2004-10-10,2004-10-14,2004-10-11,5,3.1026309993475074,2.3978545476692057,11.989272738346028,2,Strong,0,1
2493,2500,2004-10-29,2004-11-05,2004-11-01,8,2.174186722232781,1.7431437120419915,13.945149696335932,1,Moderate,0,1
2735,2744,2005-06-28,2005-07-07,2005-07-01,10,3.1302463727563996,2.65114026216557,26.5114026216557,1,Moderate,0,1
2930,2957,2006-01-09,2006-02-05,2006-01-20,28,8.44809026020295,5.312671188092374,148.75479326658646,4,Extreme,0,1
3102,3202,2006-06-30,2006-10-08,2006-08-13,101,6.020794712020198,3.25153014007758,328.40454414783557,3,Severe,0,1
3209,3219,2006-10-15,2006-10-25,2006-10-19,11,3.276025501280552,2.3867288028026525,26.25401683082918,2,Strong,0,1
3338,3347,2007-02-21,2007-03-02,2007-02-25,10,3.156053938837875,2.219148084251569,22.191480842515688,2,Strong,0,1
3853,3857,2008-07-20,2008-07-24,2008-07-22,5,2.9420561980426037,2.3808286290590046,11.904143145295023,1,Moderate,0,1
4333,4337,2009-11-12,2009-11-16,2009-11-16,5,2.131800056668599,1.8370959580094817,9.185479790047408,1,Moderate,0,1
4668,4674,2010-10-13,2010-10-19,2010-10-17,7,3.412776220017811,2.551849578773962,17.862947051417734,2,Strong,0,1
4736,4742,2010-12-20,2010-12-26,2010-12-23,7,3.0671245077562475,2.3935212277753815,16.75464859442767,1,Moderate,0,1
4843,4853,2011-04-06,2011-04-16,2011-04-09,11,3.3180135921563974,2.4025844331342863,26.42842876447715,1,Moderate,0,1
4858,4872,2011-04-21,2011-05-05,2011-04-26,15,3.785896962848458,2.6590987051275676,39.88648057691351,2,Strong,0,1
4894,4910,2011-05-27,2011-06-12,2011-06-04,17,5.3025670397955125,3.408935533594097,57.95190407109965,2,Strong,0,1
5065,5080,2011-11-14,2011-11-29,2011-11-25,16,3.291685049707489,2.4774212855802116,39.638740569283385,1,Moderate,0,1
5580,5589,2013-04-12,2013-04-21,2013-04-16,10,3.812393975544076,2.8812327622235085,28.812327622235085,2,Strong,0,1
5812,5822,2013-11-30,2013-12-10,2013-12-07,11,3.2854658454745955,2.5828588087445166,28.41144689618968,1,Moderate,0,1
5833,5837,2013-12-21,2013-12-25,2013-12-23,5,2.7391024757027207,2.0102860006296046,10.051430003148022,1,Moderate,0,1
6216,6236,2015-01-08,2015-01-28,2015-01-21,21,4.405367888303132,3.4812904754752134,73.10709998497948,2,Strong,0,1
6359,6368,2015-05-31,2015-06-09,2015-06-02,10,3.2054102275766247,2.655372504484251,26.553725044842512,1,Moderate,0,1
6828,6833,2016-09-11,2016-09-16,2016-09-11,6,2.078890185918514,1.9656578815397456,11.793947289238474,1,Moderate,0,1
6919,6927,2016-12-11,2016-12-19,2016-12-13,9,2.971348003350899,2.4717693616190313,22.245924254571282,1,Moderate,0,1
7093,7127,2017-06-03,2017-07-07,2017-06-20,35,4.8021731811442905,3.2583702208305523,114.04295772906933,2,Strong,0,1
7308,7316,2018-01-04,2018-01-12,2018-01-05,9,3.2572898896757554,2.6168959232833524,23.55206330955017,1,Moderate,0,1
7347,7369,2018-02-12,2018-03-06,2018-02-25,23,3.4482408424657685,2.3949207265756907,55.08317671124088,2,Strong,0,1
7405,7410,2018-04-11,2018-04-16,2018-04-14,6,2.876283717576605,2.510466905130936,15.062801430785617,1,Moderate,0,1
7617,7631,2018-11-09,2018-11-23,2018-11-20,15,2.9162887737433536,2.064760561396114,30.971408420941714,1,Moderate,0,1
7659,7668,2018-12-21,2018-12-30,2018-12-30,10,3.1509106174093375,2.4537498626886127,24.537498626886126,1,Moderate,0,1
7725,7729,2019-02-25,2019-03-01,2019-02-28,5,2.363855885076253,1.932116414601102,9.66058207300551,1,Moderate,0,1
7738,7747,2019-03-10,2019-03-19,2019-03-12,10,2.8667059522239065,2.2241968104965495,22.241968104965494,1,Moderate,0,1
7894,7900,2019-08-13,2019-08-19,2019-08-15,7,2.7308659790628695,2.1562024162600015,15.093416913820011,1,Moderate,0,1
7946,7974,2019-10-04,2019-11-01,2019-10-07,29,3.3715336386394448,2.567322331997887,74.45234762793872,2,Strong,0,1
8125,8129,2020-03-31,2020-04-04,2020-03-31,5,2.3269826714207404,1.9075424758628057,9.537712379314028,1,Moderate,0,1
8134,8138,2020-04-09,2020-04-13,2020-04-09,5,2.147775537026071,2.0002868560382376,10.001434280191189,1,Moderate,0,1
8340,8347,2020-11-01,2020-11-08,2020-11-03,8,2.805769035588318,2.3036803373296086,18.42944269863687,1,Moderate,0,1
8386,8453,2020-12-17,2021-02-22,2021-01-04,68,4.685796654720351,3.1668606198031912,215.346522146617,2,Strong,0,1
8485,8492,2021-03-26,2021-04-02,2021-03-29,8,2.6422929502981827,2.127115034862241,17.016920278897928,1,Moderate,0,1
8497,8501,2021-04-07,2021-04-11,2021-04-11,5,2.532857632581811,2.0070592312974513,10.035296156487256,1,Moderate,0,1
8510,8522,2021-04-20,2021-05-02,2021-04-24,13,3.2639376687603097,2.692652591778035,35.00448369311445,1,Moderate,0,1
8531,8538,2021-05-11,2021-05-18,2021-05-11,8,2.7096146339133007,2.2241933560038656,17.793546848030925,1,Moderate,0,1
8803,8816,2022-02-07,2022-02-20,2022-02-10,14,2.3689416441109827,2.0257101464906855,28.3599420508696,1,Moderate,0,1
9019,9050,2022-09-11,2022-10-12,2022-09-16,32,4.301548388155265,3.19069847141028,102.10235108512896,2,Strong,0,1
9066,9076,2022-10-28,2022-11-07,2022-11-03,11,2.720289255310851,2.149542035673421,23.64496239240763,1,Moderate,0,1
9207,9213,2023-03-18,2023-03-24,2023-03-19,7,3.0162717786409683,2.5494692311925826,17.84628461834808,2,Strong,0,1
9478,9495,2023-12-14,2023-12-31,2023-12-28,18,3.762336661684566,2.789220672267141,50.20597210080854,2,Strong,0,1
220,227,1998-08-09,1998-08-16,1998-08-09,8,2.270223891404683,1.8382756220413174,14.70620497633054,1,Moderate,0,2
296,305,1998-10-24,1998-11-02,1998-10-27,10,3.495590212757026,2.8168807015632833,28.168807015632833,1,Moderate,0,2
538,548,1999-06-23,1999-07-03,1999-06-30,11,3.416369261449674,2.792967292884938,30.72264022173432,1,Moderate,0,2
554,558,1999-07-09,1999-07-13,1999-07-10,5,3.17126217140995,2.8462072127330216,14.231036063665108,1,Moderate,0,2
697,728,1999-11-29,1999-12-30,1999-12-13,32,4.395636959811011,2.9408007004287926,94.10562241372136,2,Strong,0,2
1345,1372,2001-09-07,2001-10-04,2001-09-15,28,3.522144520487611,2.1044387234631734,58.92428425696886,2,Strong,0,2
1701,1709,2002-08-29,2002-09-06,2002-08-31,9,2.361962231060698,1.9445812502749567,17.50123125247461,1,Moderate,0,2
2048,2056,2003-08-11,2003-08-19,2003-08-17,9,2.807398245866505,2.1371776133290066,19.23459851996106,2,Strong,0,2
2301,2307,2004-04-20,2004-04-26,2004-04-25,7,2.708334155555125,2.187293061785619,15.311051432499333,1,Moderate,0,2
2877,2881,2005-11-17,2005-11-21,2005-11-18,5,2.7137832850444994,2.207364774219747,11.036823871098736,1,Moderate,0,2
3023,3029,2006-04-12,2006-04-18,2006-04-15,7,2.823553825755461,2.2590689929476198,15.813482950633338,1,Moderate,0,2
3077,3094,2006-06-05,2006-06-22,2006-06-19,18,2.849281821735552,2.1826276348778335,39.287297427801,1,Moderate,0,2
3130,3135,2006-07-28,2006-08-02,2006-07-31,6,2.335908108657904,1.8811541924981334,11.2869251549888,1,Moderate,0,2
3243,3247,2006-11-18,2006-11-22,2006-11-22,5,2.5585383580100913,1.9703203620308447,9.851601810154223,1,Moderate,0,2
3269,3291,2006-12-14,2007-01-05,2006-12-29,23,2.788776038654399,2.0112086224266243,46.25779831581236,1,Moderate,0,2
3308,3324,2007-01-22,2007-02-07,2007-01-29,17,3.666150780940109,2.5735290895536598,43.749994522412216,2,Strong,0,2
3653,3657,2008-01-02,2008-01-06,2008-01-05,5,2.534250838861288,1.9611582961525182,9.805791480762592,1,Moderate,0,2
3730,3736,2008-03-19,2008-03-25,2008-03-22,7,4.520552342955881,3.0617068821859754,21.431948175301827,2,Strong,0,2
4048,4060,2009-01-31,2009-02-12,2009-02-03,13,2.388576003660372,2.020882189972295,26.271468469639835,1,Moderate,0,2
4084,4113,2009-03-08,2009-04-06,2009-04-03,30,3.24581617694791,2.305893589463286,69.17680768389857,1,Moderate,0,2
4117,4148,2009-04-10,2009-05-11,2009-04-16,32,4.208548895418094,3.15890380197399,101.08492166316768,2,Strong,0,2
4255,4260,2009-08-26,2009-08-31,2009-08-30,6,2.89025677301262,2.1273068205422114,12.76384092325327,2,Strong,0,2
4274,4281,2009-09-14,2009-09-21,2009-09-16,8,3.0720481338248327,2.3659513122361853,18.927610497889482,2,Strong,0,2
4301,4306,2009-10-11,2009-10-16,2009-10-14,6,2.7622352698890964,2.1571110841550385,12.94266650493023,1,Moderate,0,2
4509,4526,2010-05-07,2010-05-24,2010-05-19,18,2.6282368341471276,2.1046440265107496,37.88359247719349,2,Strong,0,2
4927,4936,2011-06-29,2011-07-08,2011-07-03,10,2.6898251336767984,2.3834420506485468,23.83442050648547,1,Moderate,0,2
5295,5308,2012-07-01,2012-07-14,2012-07-13,14,3.141849773457377,2.183728519900274,30.572199278603833,1,Moderate,0,2
5378,5386,2012-09-22,2012-09-30,2012-09-27,9,2.9791287615958346,2.346354342571109,21.11718908313998,2,Strong,0,2
5407,5426,2012-10-21,2012-11-09,2012-11-01,20,3.172921122175662,2.4147954907391407,48.29590981478282,1,Moderate,0,2
5516,5527,2013-02-07,2013-02-18,2013-02-09,12,3.2759091235669526,2.174943027894732,26.099316334736784,2,Strong,0,2
5537,5543,2013-02-28,2013-03-06,2013-03-04,7,2.316166395934829,1.8952490744081776,13.266743520857244,1,Moderate,0,2
5855,5868,2014-01-12,2014-01-25,2014-01-14,14,3.305197795806114,2.425473896722401,33.95663455411361,2,Strong,0,2
6019,6023,2014-06-25,2014-06-29,2014-06-28,5,2.678476108292216,2.3122003808356353,11.561001904178177,1,Moderate,0,2
6364,6370,2015-06-05,2015-06-11,2015-06-07,7,2.8886190119526773,1.9968217923125562,13.977752546187894,2,Strong,0,2
6493,6510,2015-10-12,2015-10-29,2015-10-26,18,2.768760859958265,2.291395635464878,41.2451214383678,1,Moderate,0,2
6648,6671,2016-03-15,2016-04-07,2016-03-22,24,3.843232080562803,2.9284842876427164,70.2836229034252,2,Strong,0,2
6777,6782,2016-07-22,2016-07-27,2016-07-25,6,2.4864142461440224,2.1085420702904067,12.651252421742441,1,Moderate,0,2
6993,6997,2017-02-23,2017-02-27,2017-02-25,5,2.271917627962102,1.8027403423828674,9.013701711914337,1,Moderate,0,2
7727,7735,2019-02-27,2019-03-07,2019-03-01,9,2.6288530097899017,2.231363367960536,20.082270311644823,1,Moderate,0,2
7900,7905,2019-08-19,2019-08-24,2019-08-24,6,1.5817646128624183,1.4550014209711726,8.730008525827035,1,Moderate,0,2
8174,8187,2020-05-19,2020-06-01,2020-05-27,14,2.4773714249274477,1.8153959908225452,25.415543871515634,2,Strong,0,2
8196,8207,2020-06-10,2020-06-21,2020-06-17,12,3.0960124538913227,2.308716375570699,27.70459650684839,1,Moderate,0,2
8211,8219,2020-06-25,2020-07-03,2020-06-27,9,3.0363070705084994,2.2710690108683416,20.439621097815074,1,Moderate,0,2
8233,8251,2020-07-17,2020-08-04,2020-08-02,19,4.044733344802534,2.90204709610093,55.13889482591767,2,Strong,0,2
8313,8320,2020-10-05,2020-10-12,2020-10-09,8,2.883190670848503,2.403742050708277,19.229936405666216,1,Moderate,0,2
8324,8352,2020-10-16,2020-11-13,2020-10-28,29,3.7493267225681652,2.6075498895559988,75.61894679712397,2,Strong,0,2
8411,8417,2021-01-11,2021-01-17,2021-01-15,7,2.3400777913118915,1.9615161955433458,13.73061336880342,1,Moderate,0,2
8421,8425,2021-01-21,2021-01-25,2021-01-22,5,2.09754864602027,1.8209545016550202,9.1047725082751,1,Moderate,0,2
8522,8532,2021-05-02,2021-05-12,2021-05-06,11,2.5606945247647133,1.9679422991627689,21.647365290790457,1,Moderate,0,2
8564,8572,2021-06-13,2021-06-21,2021-06-15,9,2.6459366943803744,2.1385560247602746,19.24700422284247,1,Moderate,0,2
8627,8635,2021-08-15,2021-08-23,2021-08-23,9,2.2514910208517414,1.7621094567880686,15.858985111092618,1,Moderate,0,2
8695,8710,2021-10-22,2021-11-06,2021-11-04,16,3.6635843556122474,2.8626840053763933,45.80294408602229,2,Strong,0,2
8797,8817,2022-02-01,2022-02-21,2022-02-07,21,3.102975853964688,2.1886224294543575,45.9610710185415,1,Moderate,0,2
8889,8940,2022-05-04,2022-06-24,2022-05-25,52,3.637084395356272,2.5265105460629607,131.37854839527395,3,Severe,0,2
8995,9003,2022-08-18,2022-08-26,2022-08-25,9,2.1329625242558308,1.8332613168700087,16.499351851830077,1,Moderate,0,2
9071,9085,2022-11-02,2022-11-16,2022-11-08,15,3.249589953911718,2.622611545517134,39.339173182757015,2,Strong,0,2
9250,9256,2023-04-30,2023-05-06,2023-04-30,7,2.5875886970168125,2.0775096758279292,14.542567730795504,1,Moderate,0,2
9332,9340,2023-07-21,2023-07-29,2023-07-26,9,2.609101982077771,2.091059978430423,18.819539805873806,1,Moderate,0,2
9361,9365,2023-08-19,2023-08-23,2023-08-22,5,1.7670210191402376,1.558837308691104,7.79418654345552,1,Moderate,0,2
4,9,1998-01-05,1998-01-10,1998-01-07,6,2.2696310020855215,1.9008401720897787,11.405041032538673,1,Moderate,0,3
1278,1284,2001-07-02,2001-07-08,2001-07-06,7,3.0376005901192578,2.360978204421296,16.526847430949072,1,Moderate,0,3
1558,1565,2002-04-08,2002-04-15,2002-04-09,8,2.6751915378899156,2.420515362064046,19.364122896512367,1,Moderate,0,3
1570,1575,2002-04-20,2002-04-25,2002-04-23,6,3.0511190006993694,2.6325255188908443,15.795153113345066,1,Moderate,0,3
1582,1610,2002-05-02,2002-05-30,2002-05-17,29,4.966070191653401,3.3759556725371063,97.90271450357608,2,Strong,0,3
2011,2015,2003-07-05,2003-07-09,2003-07-06,5,2.412739387657126,2.1248449759494976,10.624224879747487,1,Moderate,0,3
2033,2040,2003-07-27,2003-08-03,2003-08-03,8,3.4052179554132955,2.5914246068501443,20.731396854801154,1,Moderate,0,3
2575,2580,2005-01-19,2005-01-24,2005-01-22,6,2.516876552073956,2.0987739418885294,12.592643651331176,1,Moderate,0,3
2760,2791,2005-07-23,2005-08-23,2005-08-02,32,4.249929792776712,2.9197206347559677,93.43106031219097,2,Strong,0,3
2798,2816,2005-08-30,2005-09-17,2005-09-12,19,7.057507955173296,4.676967193168645,88.86237667020426,3,Severe,0,3
2945,2991,2006-01-24,2006-03-11,2006-02-27,47,4.067572467736301,2.6513522651540726,124.61355646224142,2,Strong,0,3
3058,3063,2006-05-17,2006-05-22,2006-05-18,6,2.691031326741104,2.384883152226459,14.309298913358752,1,Moderate,0,3
3367,3372,2007-03-22,2007-03-27,2007-03-24,6,2.976777294661135,2.536005611038618,15.21603366623171,1,Moderate,0,3
3402,3416,2007-04-26,2007-05-10,2007-04-27,15,3.498585935761156,2.828977349811111,42.43466024716666,1,Moderate,0,3
3433,3443,2007-05-27,2007-06-06,2007-06-01,11,2.7669319071111893,2.3099335886222416,25.40926947484466,1,Moderate,0,3
3447,3451,2007-06-10,2007-06-14,2007-06-12,5,2.674289175490493,2.3428321964063885,11.714160982031942,1,Moderate,0,3
3511,3518,2007-08-13,2007-08-20,2007-08-19,8,2.778171423880636,2.463276326148673,19.706210609189384,1,Moderate,0,3
3543,3551,2007-09-14,2007-09-22,2007-09-14,9,3.127009817558587,2.6032453830750857,23.42920844767577,1,Moderate,0,3
3634,3648,2007-12-14,2007-12-28,2007-12-20,15,3.08316281778138,2.316517691041709,34.74776536562563,2,Strong,0,3
3657,3663,2008-01-06,2008-01-12,2008-01-10,7,2.4520039860038647,1.8507484564813925,12.955239195369748,1,Moderate,0,3
3783,3790,2008-05-11,2008-05-18,2008-05-16,8,3.8068776513931297,2.7532160281821767,22.025728225457414,1,Moderate,0,3
4256,4261,2009-08-27,2009-09-01,2009-08-29,6,2.416862610763445,2.1732115712070654,13.039269427242392,1,Moderate,0,3
4592,4601,2010-07-29,2010-08-07,2010-08-07,10,3.2373219786430596,2.871953895052841,28.71953895052841,1,Moderate,0,3
4624,4629,2010-08-30,2010-09-04,2010-09-01,6,2.9639231259685808,2.490926614494951,14.945559686969705,1,Moderate,0,3
4642,4650,2010-09-17,2010-09-25,2010-09-22,9,3.4534254974472702,2.696438043772751,24.26794239395476,2,Strong,0,3
4672,4679,2010-10-17,2010-10-24,2010-10-22,8,2.5543470410522033,2.243379992075363,17.947039936602906,1,Moderate,0,3
5064,5074,2011-11-13,2011-11-23,2011-11-15,11,3.956397463497126,3.104026241466436,34.1442886561308,1,Moderate,0,3
5093,5097,2011-12-12,2011-12-16,2011-12-15,5,2.5428826382750067,2.0132238537732254,10.066119268866126,1,Moderate,0,3
5394,5403,2012-10-08,2012-10-17,2012-10-10,10,2.9089068351872385,2.474777198607078,24.74777198607078,1,Moderate,0,3
5997,6027,2014-06-03,2014-07-03,2014-06-14,31,4.948424646023781,3.569478888851412,110.65384555439378,3,Severe,0,3
6109,6152,2014-09-23,2014-11-05,2014-10-03,44,4.747756423385326,3.2900678607805376,144.76298587434366,2,Strong,0,3
6158,6162,2014-11-11,2014-11-15,2014-11-14,5,2.500807512263842,2.3928678150676332,11.964339075338167,1,Moderate,0,3
6170,6182,2014-11-23,2014-12-05,2014-11-27,13,3.564996136550203,2.667709293343324,34.680220813463215,1,Moderate,0,3
6192,6198,2014-12-15,2014-12-21,2014-12-17,7,2.6652130202889097,2.2237199369853555,15.56603955889749,1,Moderate,0,3
6247,6254,2015-02-08,2015-02-15,2015-02-13,8,2.5083920037832286,2.098573251219741,16.78858600975793,1,Moderate,0,3
6397,6408,2015-07-08,2015-07-19,2015-07-18,12,2.690787093388547,2.2582147532756847,27.098577039308218,1,Moderate,0,3
6412,6419,2015-07-23,2015-07-30,2015-07-30,8,2.8158289462713633,2.5307895615901774,20.24631649272142,1,Moderate,0,3
6442,6446,2015-08-22,2015-08-26,2015-08-25,5,2.864017099662437,2.183111037716562,10.915555188582811,1,Moderate,0,3
6679,6686,2016-04-15,2016-04-22,2016-04-18,8,3.1057823200584096,2.6556891271543432,21.245513017234746,1,Moderate,0,3
6690,6695,2016-04-26,2016-05-01,2016-04-30,6,3.506943061533857,2.9552812098576684,17.73168725914601,1,Moderate,0,3
6993,7001,2017-02-23,2017-03-03,2017-02-28,9,2.7945497944794084,2.295019255549674,20.655173299947066,1,Moderate,0,3
7012,7047,2017-03-14,2017-04-18,2017-04-09,36,3.35352601307768,2.4696285177766293,88.90662663995866,1,Moderate,0,3
7250,7263,2017-11-07,2017-11-20,2017-11-14,14,3.3501694737953382,2.8741400725098862,40.23796101513841,1,Moderate,0,3
7323,7327,2018-01-19,2018-01-23,2018-01-22,5,2.187179293689656,1.9822396585525404,9.911198292762702,1,Moderate,0,3
7389,7393,2018-03-26,2018-03-30,2018-03-26,5,2.654233762603713,2.4680434474523265,12.340217237261632,1,Moderate,0,3
7869,7943,2019-07-19,2019-10-01,2019-09-11,75,6.128856961151008,4.150243170661228,311.2682377995921,3,Severe,0,3
8097,8114,2020-03-03,2020-03-20,2020-03-18,18,3.6952904568623683,2.943975152450273,52.99155274410491,2,Strong,0,3
8293,8304,2020-09-15,2020-09-26,2020-09-20,12,2.974785733226529,2.1983598559989197,26.380318271987036,1,Moderate,0,3
8331,8336,2020-10-23,2020-10-28,2020-10-27,6,2.8041734150554234,2.50969806330563,15.058188379833778,1,Moderate,0,3
8605,8648,2021-07-24,2021-09-05,2021-08-09,44,3.8185728937073584,2.827941764751995,124.42943764908779,1,Moderate,0,3
8742,8754,2021-12-08,2021-12-20,2021-12-09,13,3.713590602665411,2.7334434865387345,35.53476532500355,2,Strong,0,3
8773,8781,2022-01-08,2022-01-16,2022-01-13,9,2.887209270589942,2.0152501382294656,18.13725124406519,1,Moderate,0,3
8977,8981,2022-07-31,2022-08-04,2022-08-02,5,2.8589314605888063,2.5781588584132455,12.890794292066229,1,Moderate,0,3
9131,9135,2023-01-01,2023-01-05,2023-01-03,5,2.2961879552789295,1.802416449872954,9.01208224936477,1,Moderate,0,3
9139,9194,2023-01-09,2023-03-05,2023-02-17,56,3.767131615401702,2.754800505833375,154.268828326669,2,Strong,0,3
9201,9207,2023-03-12,2023-03-18,2023-03-16,7,3.208067487389382,2.6654738287609163,18.658316801326414,1,Moderate,0,3
9211,9221,2023-03-22,2023-04-01,2023-03-28,11,3.120054119414899,2.6721047456816547,29.393152202498204,1,Moderate,0,3
9389,9402,2023-09-16,2023-09-29,2023-09-25,14,2.479902404043006,1.89017575359421,26.46246055031894,1,Moderate,0,3
9424,9430,2023-10-21,2023-10-27,2023-10-25,7,2.625186906233468,2.309087571000236,16.16361299700165,1,Moderate,0,3
9450,9454,2023-11-16,2023-11-20,2023-11-17,5,3.4028754050376424,2.943745027135964,14.71872513567982,1,Moderate,0,3
33,55,1998-02-03,1998-02-25,1998-02-21,23,3.69164032928232,2.7750095643054062,63.82521997902434,2,Strong,0,4
68,90,1998-03-10,1998-04-01,1998-03-27,23,3.77573860761966,2.819270307438948,64.84321707109581,2,Strong,0,4
256,260,1998-09-14,1998-09-18,1998-09-16,5,2.6462909384015205,2.069220400324874,10.34610200162437,1,Moderate,0,4
299,304,1998-10-27,1998-11-01,1998-11-01,6,2.1226975494178397,1.8650820267236077,11.190492160341647,1,Moderate,0,4
494,503,1999-05-10,1999-05-19,1999-05-15,10,3.1591006807442845,2.43131333367159,24.3131333367159,1,Moderate,0,4
1425,1432,2001-11-26,2001-12-03,2001-11-30,8,3.018406496090936,2.364228560828209,18.913828486625672,2,Strong,0,4
1644,1665,2002-07-03,2002-07-24,2002-07-12,22,3.340540176204076,2.2959600079056632,50.511120173924596,1,Moderate,0,4
1755,1761,2002-10-22,2002-10-28,2002-10-26,7,2.564211986869548,2.1007034364040233,14.704924054828163,1,Moderate,0,4
1875,1880,2003-02-19,2003-02-24,2003-02-20,6,2.5888925480627787,2.1359439190115785,12.81566351406947,1,Moderate,0,4
1887,1892,2003-03-03,2003-03-08,2003-03-06,6,2.8308253310544647,2.2811980574981368,13.68718834498882,1,Moderate,0,4
2040,2044,2003-08-03,2003-08-07,2003-08-04,5,2.3807517863691174,2.071231758497489,10.356158792487445,1,Moderate,0,4
2334,2340,2004-05-23,2004-05-29,2004-05-26,7,2.6985769357618885,2.11620284373652,14.81341990615564,1,Moderate,0,4
2352,2361,2004-06-10,2004-06-19,2004-06-15,10,2.9410975665480805,2.5261674286717897,25.2616742867179,1,Moderate,0,4
2541,2546,2004-12-16,2004-12-21,2004-12-17,6,4.077495412376962,3.1902880830004783,19.14172849800287,2,Strong,0,4
2647,2654,2005-04-01,2005-04-08,2005-04-06,8,2.7483437419876786,2.229599722961008,17.836797783688063,1,Moderate,0,4
2731,2735,2005-06-24,2005-06-28,2005-06-25,5,2.5212675617893794,2.1964511485661276,10.982255742830638,1,Moderate,0,4
2832,2842,2005-10-03,2005-10-13,2005-10-09,11,3.4683146969070684,2.568309975135303,28.251409726488333,1,Moderate,0,4
2890,2894,2005-11-30,2005-12-04,2005-12-01,5,2.368584274783199,1.824615145126365,9.123075725631825,1,Moderate,0,4
3032,3045,2006-04-21,2006-05-04,2006-05-01,14,3.564581513251383,2.6016259837390523,36.422763772346734,2,Strong,0,4
3051,3056,2006-05-10,2006-05-15,2006-05-14,6,2.3559015665503225,2.021218118055496,12.127308708332976,1,Moderate,0,4
3081,3085,2006-06-09,2006-06-13,2006-06-13,5,2.1836162059269135,2.0227940548686156,10.113970274343078,1,Moderate,0,4
3181,3187,2006-09-17,2006-09-23,2006-09-18,7,2.9972801220336436,2.308087318245549,16.156611227718845,1,Moderate,0,4
3243,3252,2006-11-18,2006-11-27,2006-11-18,10,1.8290564850014164,1.6057674721913795,16.057674721913795,1,Moderate,0,4
3672,3686,2008-01-21,2008-02-04,2008-01-29,15,3.087204380424259,2.4337977476033648,36.50696621405047,1,Moderate,0,4
4168,4172,2009-05-31,2009-06-04,2009-06-03,5,3.1574060025951134,2.4954116218940796,12.477058109470399,1,Moderate,0,4
4243,4258,2009-08-14,2009-08-29,2009-08-14,16,3.209385588673509,2.287321483634257,36.59714373814811,1,Moderate,0,4
4313,4322,2009-10-23,2009-11-01,2009-10-29,10,2.136299393302439,1.8539355908619974,18.539355908619974,1,Moderate,0,4
4454,4459,2010-03-13,2010-03-18,2010-03-14,6,2.641579394597061,2.177557092560289,13.065342555361735,1,Moderate,0,4
4471,4485,2010-03-30,2010-04-13,2010-04-07,15,2.624488390568912,2.2512965172930763,33.769447759396144,1,Moderate,0,4
4628,4635,2010-09-03,2010-09-10,2010-09-05,8,2.329866937330763,1.9864611443439517,15.891689154751614,1,Moderate,0,4
4696,4703,2010-11-10,2010-11-17,2010-11-12,8,3.4992775089447754,2.5659407068487243,20.527525654789795,2,Strong,0,4
4921,4972,2011-06-23,2011-08-13,2011-07-26,52,4.644799947815766,3.2444331734737784,168.71052502063648,2,Strong,0,4
5121,5125,2012-01-09,2012-01-13,2012-01-12,5,1.8946990710205647,1.80092822896554,9.0046411448277,1,Moderate,0,4
5266,5280,2012-06-02,2012-06-16,2012-06-06,15,2.689615215646022,2.2096106070948536,33.144159106422805,1,Moderate,0,4
5640,5647,2013-06-11,2013-06-18,2013-06-16,8,2.3851880736989344,2.059598725475731,16.476789803805847,1,Moderate,0,4
5828,5850,2013-12-16,2014-01-07,2013-12-22,23,3.442523413446919,2.2477159507977245,51.69746686834766,2,Strong,0,4
6117,6128,2014-10-01,2014-10-12,2014-10-05,12,3.9446413647924032,2.8581524070120286,34.297828884144344,2,Strong,0,4
6477,6498,2015-09-26,2015-10-17,2015-10-03,22,3.0066044595370016,2.371088024371955,52.16393653618301,1,Moderate,0,4
6630,6635,2016-02-26,2016-03-02,2016-02-27,6,2.6245245743618515,2.1837911429448424,13.102746857669056,1,Moderate,0,4
6680,6686,2016-04-16,2016-04-22,2016-04-19,7,2.505480759590913,2.2739367097729764,15.917556968410835,1,Moderate,0,4
6739,6746,2016-06-14,2016-06-21,2016-06-15,8,3.3030707985081733,2.5895636901988,20.7165095215904,1,Moderate,0,4
6819,6828,2016-09-02,2016-09-11,2016-09-08,10,2.584416239254576,2.157230924787891,21.57230924787891,1,Moderate,0,4
6911,6921,2016-12-03,2016-12-13,2016-12-05,11,3.0271094451594927,2.3344105461367888,25.678516007504676,2,Strong,0,4
6926,6930,2016-12-18,2016-12-22,2016-12-20,5,1.8462865125033385,1.6421933494722272,8.210966747361136,1,Moderate,0,4
6944,6957,2017-01-05,2017-01-18,2017-01-08,14,4.00844203480893,2.6135705306210695,36.589987428694975,2,Strong,0,4
7244,7251,2017-11-01,2017-11-08,2017-11-07,8,2.4678509322387274,2.1470953367817702,17.176762694254162,1,Moderate,0,4
7672,7680,2019-01-03,2019-01-11,2019-01-05,9,2.4010891743313945,1.9829732303166854,17.84675907285017,1,Moderate,0,4
7698,7704,2019-01-29,2019-02-04,2019-02-03,7,2.800744616405142,2.32931138467288,16.30517969271016,1,Moderate,0,4
7931,7941,2019-09-19,2019-09-29,2019-09-21,11,3.805060327421142,2.8306960345354337,31.137656379889773,2,Strong,0,4
8000,8031,2019-11-27,2019-12-28,2019-11-30,32,3.598042558945007,2.4653143413413936,78.8900589229246,2,Strong,0,4
8048,8068,2020-01-14,2020-02-03,2020-01-29,21,3.202436795843676,2.226265721368808,46.751580148744964,2,Strong,0,4
8087,8094,2020-02-22,2020-02-29,2020-02-25,8,2.4647905821632197,1.9614323417265416,15.691458733812333,1,Moderate,0,4
8193,8208,2020-06-07,2020-06-22,2020-06-16,16,3.236324276385009,2.381610743260003,38.10577189216005,1,Moderate,0,4
8214,8225,2020-06-28,2020-07-09,2020-07-04,12,2.9986468841551996,2.3317234162020424,27.980680994424507,1,Moderate,0,4
8278,8282,2020-08-31,2020-09-04,2020-09-04,5,2.6208765830155123,2.3311221706337,11.6556108531685,1,Moderate,0,4
8477,8492,2021-03-18,2021-04-02,2021-03-23,16,4.439224800952079,2.910597027949552,46.569552447192834,2,Strong,0,4
8648,8652,2021-09-05,2021-09-09,2021-09-08,5,2.750221437300567,2.365158226437046,11.82579113218523,1,Moderate,0,4
8904,8910,2022-05-19,2022-05-25,2022-05-23,7,2.9313682522322146,2.5651606087394856,17.9561242611764,1,Moderate,0,4
8963,8976,2022-07-17,2022-07-30,2022-07-19,14,3.119361460402896,2.3839278082494695,33.37498931549257,1,Moderate,0,4
8986,9002,2022-08-09,2022-08-25,2022-08-17,17,3.233369246896391,2.5393168766710295,43.1683869034075,1,Moderate,0,4
9059,9107,2022-10-21,2022-12-08,2022-11-12,49,6.732886475007156,4.154252773088165,203.55838588132008,4,Extreme,0,4
9114,9195,2022-12-15,2023-03-06,2023-01-30,82,4.7804176936336855,2.9205612677879986,239.48602395861587,3,Severe,0,4
9255,9267,2023-05-05,2023-05-17,2023-05-10,13,3.6945396863797555,2.7016915351369732,35.12198995678065,2,Strong,0,4
9419,9427,2023-10-16,2023-10-24,2023-10-18,9,2.4689170978066812,2.0737193168643375,18.663473851779038,1,Moderate,0,4
9450,9459,2023-11-16,2023-11-25,2023-11-23,10,2.3387550399667614,2.009141264660948,20.091412646609477,1,Moderate,0,4
242,263,1998-08-31,1998-09-21,1998-09-11,22,6.786430062945314,4.944596315883699,108.78111894944138,4,Extreme,0,5
440,452,1999-03-17,1999-03-29,1999-03-27,13,3.4911972082615783,2.784147698200118,36.193920076601536,2,Strong,0,5
520,533,1999-06-05,1999-06-18,1999-06-16,14,3.359726885585335,2.8070321411172796,39.298449975641915,1,Moderate,0,5
555,559,1999-07-10,1999-07-14,1999-07-10,5,2.5106134631300883,2.015287133864588,10.07643566932294,1,Moderate,0,5
976,980,2000-09-03,2000-09-07,2000-09-04,5,2.112054286695269,1.891873321185281,9.459366605926405,1,Moderate,0,5
990,1008,2000-09-17,2000-10-05,2000-09-29,19,2.7072713276365192,2.164546164646929,41.12637712829165,1,Moderate,0,5
1079,1105,2000-12-15,2001-01-10,2000-12-26,27,4.849213269562274,3.693590856841578,99.7269531347226,2,Strong,0,5
1674,1679,2002-08-02,2002-08-07,2002-08-06,6,2.2091255914259627,1.7251401451344304,10.350840870806582,1,Moderate,0,5
1696,1706,2002-08-24,2002-09-03,2002-08-31,11,2.8119242553280976,2.395489952356116,26.35038947591728,1,Moderate,0,5
2170,2175,2003-12-11,2003-12-16,2003-12-12,6,3.383845661579606,2.5403879682642123,15.242327809585275,1,Moderate,0,5
2276,2288,2004-03-26,2004-04-07,2004-03-31,13,2.8035089257330448,2.1475591908619,27.918269481204696,1,Moderate,0,5
2392,2399,2004-07-20,2004-07-27,2004-07-22,8,2.7023237427119966,2.063799541987317,16.510396335898538,1,Moderate,0,5
2593,2600,2005-02-06,2005-02-13,2005-02-09,8,2.861162184554754,2.2984800382201884,18.387840305761507,1,Moderate,0,5
2927,2931,2006-01-06,2006-01-10,2006-01-07,5,3.0922854935227946,2.765154573805793,13.825772869028965,1,Moderate,0,5
3347,3351,2007-03-02,2007-03-06,2007-03-03,5,2.1923525135813673,1.7371608833160035,8.685804416580018,1,Moderate,0,5
3409,3414,2007-05-03,2007-05-08,2007-05-04,6,1.9369307127035924,1.8029693286753918,10.817815972052351,1,Moderate,0,5
3724,3742,2008-03-13,2008-03-31,2008-03-21,19,2.6700965964668697,1.9676276164415836,37.38492471239009,1,Moderate,0,5
3983,3994,2008-11-27,2008-12-08,2008-12-03,12,3.6304810760604482,2.8527794847104873,34.23335381652585,1,Moderate,0,5
4094,4100,2009-03-18,2009-03-24,2009-03-21,7,2.5468733277370745,2.0492718575068247,14.344903002547774,1,Moderate,0,5
4307,4312,2009-10-17,2009-10-22,2009-10-20,6,2.3618068008185418,2.0755746984136234,12.45344819048174,1,Moderate,0,5
4324,4333,2009-11-03,2009-11-12,2009-11-06,10,2.6814165533153442,2.195690225832825,21.95690225832825,1,Moderate,0,5
4491,4498,2010-04-19,2010-04-26,2010-04-25,8,2.2846148182279826,1.9329585968170888,15.46366877453671,1,Moderate,0,5
4761,4775,2011-01-14,2011-01-28,2011-01-17,15,2.916980943515581,2.5595024213151256,38.39253631972689,1,Moderate,0,5
4785,4804,2011-02-07,2011-02-26,2011-02-19,20,3.3452294727335534,2.3535072127979833,47.07014425595966,2,Strong,0,5
4876,4883,2011-05-09,2011-05-16,2011-05-13,8,2.5695075370028277,2.07712100410011,16.61696803280088,1,Moderate,0,5
5242,5246,2012-05-09,2012-05-13,2012-05-12,5,1.9313281267743463,1.8119341335961245,9.059670667980622,1,Moderate,0,5
5256,5277,2012-05-23,2012-06-13,2012-06-11,22,3.340413525767975,2.7616800596364137,60.7569613120011,1,Moderate,0,5
5415,5425,2012-10-29,2012-11-08,2012-11-02,11,3.0004821602496268,2.532593308022085,27.858526388242936,1,Moderate,0,5
5485,5508,2013-01-07,2013-01-30,2013-01-18,24,5.10819419032423,3.4599435293753156,83.03864470500757,2,Strong,0,5
5670,5679,2013-07-11,2013-07-20,2013-07-17,10,3.0667879245360794,2.6474215002358528,26.474215002358527,2,Strong,0,5
5691,5696,2013-08-01,2013-08-06,2013-08-05,6,2.3285191406256054,1.808185246261073,10.849111477566439,1,Moderate,0,5
5709,5714,2013-08-19,2013-08-24,2013-08-23,6,1.8530671716122633,1.7041051468224933,10.22463088093496,1,Moderate,0,5
5968,5976,2014-05-05,2014-05-13,2014-05-07,9,2.5294816358237355,1.9405703159786445,17.4651328438078,1,Moderate,0,5
6001,6022,2014-06-07,2014-06-28,2014-06-12,22,4.395709573489686,3.357203512454482,73.8584772739986,1,Moderate,0,5
6148,6161,2014-11-01,2014-11-14,2014-11-13,14,2.863923027559526,2.2688675455631286,31.764145637883804,1,Moderate,0,5
6621,6626,2016-02-17,2016-02-22,2016-02-21,6,1.6763567175940342,1.528362752403708,9.170176514422248,1,Moderate,0,5
6718,6722,2016-05-24,2016-05-28,2016-05-28,5,3.0791393959983075,2.485731950384276,12.42865975192138,1,Moderate,0,5
6833,6842,2016-09-16,2016-09-25,2016-09-24,10,2.3086628969663145,2.063905974721684,20.63905974721684,1,Moderate,0,5
7121,7130,2017-07-01,2017-07-10,2017-07-04,10,2.9762266565704856,2.418732404059789,24.18732404059789,1,Moderate,0,5
7282,7289,2017-12-09,2017-12-16,2017-12-13,8,2.528574950409478,2.1890248241260464,17.51219859300837,1,Moderate,0,5
7440,7460,2018-05-16,2018-06-05,2018-05-31,21,3.7833835030841456,2.900215813191789,60.90453207702757,2,Strong,0,5
7493,7500,2018-07-08,2018-07-15,2018-07-11,8,2.765368801699246,2.441302971412738,19.530423771301905,1,Moderate,0,5
7590,7597,2018-10-13,2018-10-20,2018-10-15,8,2.976386361620346,2.2517851828251723,18.014281462601378,1,Moderate,0,5
7807,7812,2019-05-18,2019-05-23,2019-05-20,6,2.6852400311355638,2.4247668525299613,14.548601115179768,1,Moderate,0,5
8081,8097,2020-02-16,2020-03-03,2020-02-26,17,2.9475804878915177,2.195162744694472,37.317766659806026,2,Strong,0,5
8135,8147,2020-04-10,2020-04-22,2020-04-16,13,3.14517279393284,2.166745350106127,28.167689551379652,2,Strong,0,5
8473,8492,2021-03-14,2021-04-02,2021-03-28,20,3.936804279192426,2.894154060486835,57.8830812097367,2,Strong,0,5
8540,8545,2021-05-20,2021-05-25,2021-05-22,6,2.858014598046111,2.3086224231275527,13.851734538765317,1,Moderate,0,5
8725,8733,2021-11-21,2021-11-29,2021-11-26,9,4.167050118108866,3.1260566419738143,28.13450977776433,2,Strong,0,5
8824,8840,2022-02-28,2022-03-16,2022-03-10,17,3.468754971331858,2.03545483300409,34.602732161069525,2,Strong,0,5
9029,9033,2022-09-21,2022-09-25,2022-09-24,5,2.3028686957779385,1.9144429724490934,9.572214862245467,1,Moderate,0,5
9461,9465,2023-11-27,2023-12-01,2023-11-29,5,2.366218185356784,2.162499350979057,10.812496754895284,1,Moderate,0,5
869,884,2000-05-19,2000-06-03,2000-05-29,16,3.9934955912869974,2.6664291207620057,42.66286593219209,2,Strong,1,0
1697,1709,2002-08-25,2002-09-06,2002-09-03,13,3.438382255182656,2.4472981209277345,31.81487557206055,2,Strong,1,0
2011,2024,2003-07-05,2003-07-18,2003-07-14,14,2.976521621488409,2.225690111080515,31.15966155512721,1,Moderate,1,0
2199,2205,2004-01-09,2004-01-15,2004-01-12,7,2.1760472168037293,1.9689827544521745,13.782879281165222,1,Moderate,1,0
2297,2303,2004-04-16,2004-04-22,2004-04-21,7,2.0305407546371264,1.8195037601226285,12.736526320858399,1,Moderate,1,0
2314,2326,2004-05-03,2004-05-15,2004-05-10,13,3.5724033228556245,2.6160981188214603,34.009275544678985,1,Moderate,1,0
2481,2499,2004-10-17,2004-11-04,2004-10-20,19,3.7574435182117725,2.8835970115526313,54.78834321949999,1,Moderate,1,0
2580,2609,2005-01-24,2005-02-22,2005-02-15,30,4.612058238570107,3.156922249323817,94.7076674797145,2,Strong,1,0
2894,2903,2005-12-04,2005-12-13,2005-12-10,10,2.642066155212028,2.0333126128525523,20.33312612852552,1,Moderate,1,0
3189,3232,2006-09-25,2006-11-07,2006-10-10,44,5.661957496256893,3.589578183700704,157.94144008283098,3,Severe,1,0
3239,3252,2006-11-14,2006-11-27,2006-11-20,14,2.9832871006528023,2.5545597439693433,35.76383641557081,1,Moderate,1,0
3289,3295,2007-01-03,2007-01-09,2007-01-05,7,2.0881555607296107,1.7805063541556165,12.463544479089316,1,Moderate,1,0
3453,3459,2007-06-16,2007-06-22,2007-06-19,7,2.353971518620817,2.0569230203993953,14.398461142795767,1,Moderate,1,0
3479,3484,2007-07-12,2007-07-17,2007-07-17,6,2.604520878374533,2.315253392297022,13.891520353782134,1,Moderate,1,0
3675,3687,2008-01-24,2008-02-05,2008-02-01,13,2.8166104018780995,2.290807258878993,29.78049436542691,1,Moderate,1,0
3698,3704,2008-02-16,2008-02-22,2008-02-17,7,2.904197144125204,2.3981358912702,16.7869512388914,1,Moderate,1,0
4151,4177,2009-05-14,2009-06-09,2009-05-31,27,3.0415454967778004,2.265161046415287,61.159348253212755,1,Moderate,1,0
4268,4288,2009-09-08,2009-09-28,2009-09-13,21,4.146161811470993,2.5710002993885737,53.99100628716005,2,Strong,1,0
4734,4747,2010-12-18,2010-12-31,2010-12-25,14,4.653730088237223,3.351151928925549,46.91612700495769,3,Severe,1,0
4802,4817,2011-02-24,2011-03-11,2011-03-01,16,2.8569927743703794,2.3462369217396573,37.539790747834516,1,Moderate,1,0
4835,4842,2011-03-29,2011-04-05,2011-03-31,8,2.1622485949018273,1.8031466598571924,14.425173278857539,1,Moderate,1,0
4872,4881,2011-05-05,2011-05-14,2011-05-08,10,3.7220616451997337,2.960172817151615,29.60172817151615,2,Strong,1,0
5450,5454,2012-12-03,2012-12-07,2012-12-06,5,2.1586386868655296,1.887313174013073,9.436565870065365,1,Moderate,1,0
5640,5646,2013-06-11,2013-06-17,2013-06-16,7,2.6627775971864054,2.2004734433381476,15.403314103367034,1,Moderate,1,0
5677,5705,2013-07-18,2013-08-15,2013-07-28,29,3.8088271140245666,2.565553294796079,74.40104554908629,2,Strong,1,0
5777,5783,2013-10-26,2013-11-01,2013-10-29,7,4.784747030321986,3.6726297826163687,25.70840847831458,2,Strong,1,0
5810,5817,2013-11-28,2013-12-05,2013-11-29,8,2.356082678238552,2.037507832369276,16.300062658954207,1,Moderate,1,0
6023,6031,2014-06-29,2014-07-07,2014-06-30,9,2.6829959033812862,2.1281765047999595,19.153588543199636,1,Moderate,1,0
6063,6078,2014-08-08,2014-08-23,2014-08-11,16,3.2159194997698215,2.512456668245181,40.1993066919229,2,Strong,1,0
6284,6290,2015-03-17,2015-03-23,2015-03-22,7,2.4896087306628747,2.0375802722477414,14.263061905734189,1,Moderate,1,0
6298,6308,2015-03-31,2015-04-10,2015-04-05,11,3.5591220400317543,2.6684980937024445,29.35347903072689,2,Strong,1,0
6315,6327,2015-04-17,2015-04-29,2015-04-27,13,3.3285801268615387,2.181242575917462,28.356153486927003,2,Strong,1,0
6705,6715,2016-05-11,2016-05-21,2016-05-16,11,2.8195060802418794,2.3615480481866284,25.977028530052912,1,Moderate,1,0
6753,6758,2016-06-28,2016-07-03,2016-06-30,6,3.1248193072458896,2.2341564437433252,13.404938662459951,2,Strong,1,0
6993,7017,2017-02-23,2017-03-19,2017-03-17,25,3.422515303245067,2.557884589099779,63.947114727494466,2,Strong,1,0
7182,7200,2017-08-31,2017-09-18,2017-09-02,19,3.4190677983478786,2.5448302236518967,48.35177424938604,2,Strong,1,0
7447,7507,2018-05-23,2018-07-22,2018-06-06,61,4.5163458401958785,2.799019650383704,170.74019867340596,2,Strong,1,0
7571,7581,2018-09-24,2018-10-04,2018-09-30,11,2.0879956821029957,1.8423808133105906,20.266188946416495,1,Moderate,1,0
7675,7682,2019-01-06,2019-01-13,2019-01-09,8,2.1874685916742997,1.893595566891778,15.148764535134225,1,Moderate,1,0
7812,7844,2019-05-23,2019-06-24,2019-06-11,33,5.1179235975895665,3.3532593329656915,110.65755798786782,3,Severe,1,0
8006,8029,2019-12-03,2019-12-26,2019-12-19,24,3.6496870749944446,2.3672091624757674,56.81301989941842,2,Strong,1,0
8262,8271,2020-08-15,2020-08-24,2020-08-22,10,2.796796588087581,2.1913033138018987,21.913033138018985,1,Moderate,1,0
8349,8362,2020-11-10,2020-11-23,2020-11-18,14,3.076408824718545,2.4388710812908556,34.14419513807198,1,Moderate,1,0
8626,8640,2021-08-14,2021-08-28,2021-08-21,15,3.054120906456191,2.384887804338883,35.77331706508325,1,Moderate,1,0
8650,8654,2021-09-07,2021-09-11,2021-09-09,5,2.4184995664625326,2.236123809274635,11.180619046373174,1,Moderate,1,0
9341,9347,2023-07-30,2023-08-05,2023-08-02,7,2.9287093021442026,2.0927125901950103,14.648988131365073,1,Moderate,1,0
9380,9386,2023-09-07,2023-09-13,2023-09-07,7,2.3479415203084955,2.01712884671955,14.11990192703685,1,Moderate,1,0
9414,9420,2023-10-11,2023-10-17,2023-10-14,7,2.5011679825306494,2.243875947872419,15.707131635106933,1,Moderate,1,0
9444,9450,2023-11-10,2023-11-16,2023-11-13,7,2.97416751389237,2.3190179831161855,16.233125881813297,1,Moderate,1,0
55,60,1998-02-25,1998-03-02,1998-03-01,6,2.064064839963237,1.7574175695976713,10.544505417586027,1,Moderate,1,1
170,182,1998-06-20,1998-07-02,1998-06-30,13,2.522354508754816,2.0004258773560903,26.005536405629172,1,Moderate,1,1
188,195,1998-07-08,1998-07-15,1998-07-10,8,2.570543870863329,2.147012836642865,17.17610269314292,1,Moderate,1,1
413,425,1999-02-18,1999-03-02,1999-02-21,13,2.6033261601017514,2.1375514170459606,27.788168421597486,1,Moderate,1,1
465,479,1999-04-11,1999-04-25,1999-04-18,15,4.042579068804599,2.702876810238727,40.543152153580905,2,Strong,1,1
719,725,1999-12-21,1999-12-27,1999-12-26,7,2.412157127265816,1.9332815122888938,13.532970586022257,1,Moderate,1,1
1036,1047,2000-11-02,2000-11-13,2000-11-09,12,3.8463594409475874,2.807652428186751,33.69182913824101,1,Moderate,1,1
1193,1199,2001-04-08,2001-04-14,2001-04-11,7,2.4189437943738987,2.048834063618365,14.341838445328555,1,Moderate,1,1
1542,1553,2002-03-23,2002-04-03,2002-03-26,12,2.6960172324824434,2.1616842928061604,25.940211513673923,1,Moderate,1,1
1743,1750,2002-10-10,2002-10-17,2002-10-12,8,3.2036101911303163,2.392500299182593,19.140002393460744,1,Moderate,1,1
1756,1773,2002-10-23,2002-11-09,2002-10-31,18,3.400315745325697,2.5391329643391045,45.70439335810388,1,Moderate,1,1
1955,1959,2003-05-10,2003-05-14,2003-05-11,5,2.6886651333583096,2.138277858235086,10.69138929117543,1,Moderate,1,1
2533,2548,2004-12-08,2004-12-23,2004-12-20,16,2.8312714814355857,2.280651770249505,36.49042832399208,1,Moderate,1,1
2679,2690,2005-05-03,2005-05-14,2005-05-08,12,2.8361532174772535,2.0047863855495653,24.057436626594782,1,Moderate,1,1
2694,2703,2005-05-18,2005-05-27,2005-05-24,10,2.8408808703343666,2.33110567660792,23.311056766079197,1,Moderate,1,1
2808,2817,2005-09-09,2005-09-18,2005-09-18,10,3.0181684152029398,2.575653395508291,25.756533955082908,1,Moderate,1,1
2833,2839,2005-10-04,2005-10-10,2005-10-10,7,2.517616359404805,2.3167986321940615,16.21759042535843,1,Moderate,1,1
2937,2944,2006-01-16,2006-01-23,2006-01-19,8,3.7119265077330166,2.91872767372164,23.34982138977312,3,Severe,1,1
3102,3154,2006-06-30,2006-08-21,2006-07-07,53,4.422683716594825,2.6945724942545954,142.81234219549356,2,Strong,1,1
3493,3497,2007-07-26,2007-07-30,2007-07-28,5,2.6138744742823796,2.110650147069611,10.553250735348055,1,Moderate,1,1
3902,3926,2008-09-07,2008-10-01,2008-09-20,25,5.688029422536221,4.135881824723723,103.39704561809307,2,Strong,1,1
4330,4345,2009-11-09,2009-11-24,2009-11-10,16,2.8322927168014544,2.430368044236473,38.885888707783565,1,Moderate,1,1
4351,4355,2009-11-30,2009-12-04,2009-12-03,5,2.3142354524330866,1.928681107552525,9.643405537762625,1,Moderate,1,1
4414,4433,2010-02-01,2010-02-20,2010-02-08,20,3.210031589729626,2.3777009418986497,47.554018837973,2,Strong,1,1
4449,4453,2010-03-08,2010-03-12,2010-03-10,5,3.272406267706149,2.6675293238920053,13.337646619460026,2,Strong,1,1
4503,4565,2010-05-01,2010-07-02,2010-06-14,63,6.9666899241063724,3.5841830554120326,225.80353249095805,4,Extreme,1,1
4781,4787,2011-02-03,2011-02-09,2011-02-07,7,2.999740519237207,2.4312233217450188,17.01856325221513,2,Strong,1,1
4937,4952,2011-07-09,2011-07-24,2011-07-13,16,2.504669234524947,2.014605324888519,32.23368519821631,1,Moderate,1,1
5336,5350,2012-08-11,2012-08-25,2012-08-19,15,4.386850600751757,3.4116357171437586,51.17453575715638,2,Strong,1,1
5365,5369,2012-09-09,2012-09-13,2012-09-11,5,2.810863534423895,2.4395947772155204,12.197973886077602,1,Moderate,1,1
5482,5488,2013-01-04,2013-01-10,2013-01-04,7,2.263579922761547,1.722213536216392,12.055494753514743,1,Moderate,1,1
5711,5720,2013-08-21,2013-08-30,2013-08-29,10,3.335497596291681,2.30856650499763,23.0856650499763,1,Moderate,1,1
5774,5778,2013-10-23,2013-10-27,2013-10-25,5,2.9166935340965416,2.5042544140163217,12.521272070081608,1,Moderate,1,1
5791,5799,2013-11-09,2013-11-17,2013-11-15,9,3.5806335220579992,2.73094716099244,24.578524448931958,1,Moderate,1,1
5819,5824,2013-12-07,2013-12-12,2013-12-10,6,2.750838916044154,2.4253028076929617,14.55181684615777,1,Moderate,1,1
6222,6238,2015-01-14,2015-01-30,2015-01-27,17,2.225629276556891,1.7442223903335172,29.65178063566979,1,Moderate,1,1
6437,6442,2015-08-17,2015-08-22,2015-08-21,6,2.901985794272516,2.623116820476914,15.738700922861483,1,Moderate,1,1
6485,6497,2015-10-04,2015-10-16,2015-10-15,13,3.3972930378898347,2.7337864388453568,35.53922370498964,1,Moderate,1,1
6511,6517,2015-10-30,2015-11-05,2015-11-01,7,3.5076978001399013,2.984281662537427,20.889971637761988,1,Moderate,1,1
6638,6642,2016-03-05,2016-03-09,2016-03-05,5,1.661269142936673,1.5393688370154368,7.696844185077184,1,Moderate,1,1
6652,6659,2016-03-19,2016-03-26,2016-03-22,8,2.900723627871784,2.2962285426388207,18.369828341110566,2,Strong,1,1
6723,6729,2016-05-29,2016-06-04,2016-06-02,7,2.4719202103169273,2.048101046579306,14.336707326055144,1,Moderate,1,1
6743,6747,2016-06-18,2016-06-22,2016-06-19,5,2.13179349704388,1.8098169772069235,9.049084886034617,1,Moderate,1,1
7203,7207,2017-09-21,2017-09-25,2017-09-23,5,2.8312640199713783,2.4615018076656616,12.307509038328309,1,Moderate,1,1
7285,7347,2017-12-12,2018-02-12,2018-01-02,63,8.290198783120172,5.298068322553198,333.7783043208515,4,Extreme,1,1
7669,7717,2018-12-31,2019-02-17,2019-01-08,49,5.392980120868641,3.359117097941489,164.59673779913297,4,Extreme,1,1
7770,7774,2019-04-11,2019-04-15,2019-04-15,5,1.979769197493571,1.7765407074193944,8.882703537096972,1,Moderate,1,1
8020,8024,2019-12-17,2019-12-21,2019-12-20,5,2.294872519835927,1.9435132920994485,9.717566460497242,1,Moderate,1,1
8056,8061,2020-01-22,2020-01-27,2020-01-25,6,2.1071609036651626,1.7369597816369435,10.421758689821662,1,Moderate,1,1
8121,8173,2020-03-27,2020-05-18,2020-04-26,53,5.461035868266972,3.8230131697463743,202.61969799655785,3,Severe,1,1
8370,8384,2020-12-01,2020-12-15,2020-12-11,15,2.9455145855173477,2.256959713102616,33.854395696539235,1,Moderate,1,1
8439,8444,2021-02-08,2021-02-13,2021-02-10,6,2.299580056996245,1.8283923576089725,10.970354145653834,1,Moderate,1,1
8593,8598,2021-07-12,2021-07-17,2021-07-13,6,2.401203275192266,2.131702843688671,12.790217062132026,1,Moderate,1,1
8697,8717,2021-10-24,2021-11-13,2021-11-06,21,3.371224735684617,2.816581895425561,59.14821980393678,1,Moderate,1,1
8750,8762,2021-12-16,2021-12-28,2021-12-20,13,2.8965695698021463,2.206158944723504,28.680066281405555,1,Moderate,1,1
8770,8788,2022-01-05,2022-01-23,2022-01-09,19,2.623777816455128,1.7012576460733202,32.323895275393085,2,Strong,1,1
8991,8998,2022-08-14,2022-08-21,2022-08-20,8,2.6326019158535665,2.1419028851613002,17.135223081290402,1,Moderate,1,1
9100,9106,2022-12-01,2022-12-07,2022-12-03,7,3.1192167845084082,2.49197357542968,17.443815028007762,1,Moderate,1,1
9165,9186,2023-02-04,2023-02-25,2023-02-18,22,3.6231115055910266,2.632806135797561,57.921734987546344,2,Strong,1,1
9323,9330,2023-07-12,2023-07-19,2023-07-16,8,3.343261556512658,2.7341382412080506,21.873105929664405,1,Moderate,1,1
9422,9426,2023-10-19,2023-10-23,2023-10-20,5,2.707746091052007,2.332551620238988,11.66275810119494,1,Moderate,1,1
68,84,1998-03-10,1998-03-26,1998-03-17,17,2.9233735086077743,2.254003956234071,38.31806725597921,1,Moderate,1,2
208,221,1998-07-28,1998-08-10,1998-08-06,14,2.6291981624380725,1.7662615178759966,24.727661250263953,2,Strong,1,2
552,562,1999-07-07,1999-07-17,1999-07-12,11,3.4955806085776153,2.4273728879041516,26.701101766945666,1,Moderate,1,2
596,601,1999-08-20,1999-08-25,1999-08-23,6,2.1657097774343406,1.8112053445771548,10.867232067462929,1,Moderate,1,2
1342,1351,2001-09-04,2001-09-13,2001-09-08,10,2.334487576036935,2.0257870147940453,20.25787014794045,1,Moderate,1,2
1590,1595,2002-05-10,2002-05-15,2002-05-13,6,3.3278045261274123,2.583699351389741,15.502196108338445,2,Strong,1,2
1666,1676,2002-07-25,2002-08-04,2002-08-01,11,2.978405925954341,2.2101977487147404,24.312175235862142,2,Strong,1,2
2070,2075,2003-09-02,2003-09-07,2003-09-05,6,2.2564120526629736,1.7883333502374346,10.730000101424608,1,Moderate,1,2
2154,2166,2003-11-25,2003-12-07,2003-12-01,13,2.640555824156909,2.2097618940869563,28.726904623130434,1,Moderate,1,2
2206,2214,2004-01-16,2004-01-24,2004-01-19,9,2.823110310965504,2.2246829647102078,20.02214668239187,1,Moderate,1,2
2353,2392,2004-06-11,2004-07-20,2004-06-24,40,5.2581797675625594,3.490195387583796,139.60781550335184,2,Strong,1,2
2781,2786,2005-08-13,2005-08-18,2005-08-15,6,2.420386357609914,1.740041675626444,10.440250053758664,1,Moderate,1,2
2797,2805,2005-08-29,2005-09-06,2005-08-31,9,2.240681892648361,1.9438717453928274,17.494845708535447,1,Moderate,1,2
3211,3245,2006-10-17,2006-11-20,2006-11-03,35,3.4989784148920062,2.651365651808843,92.7977978133095,2,Strong,1,2
3256,3262,2006-12-01,2006-12-07,2006-12-04,7,2.9899921259625106,2.6251354350887235,18.375948045621065,1,Moderate,1,2
3277,3281,2006-12-22,2006-12-26,2006-12-23,5,1.9564616008611804,1.811777770412391,9.058888852061955,1,Moderate,1,2
3599,3603,2007-11-09,2007-11-13,2007-11-13,5,1.8366539094835392,1.7022489788808546,8.511244894404273,1,Moderate,1,2
3672,3689,2008-01-21,2008-02-07,2008-02-01,18,3.111455799942439,2.2506697624361403,40.51205572385052,1,Moderate,1,2
4098,4107,2009-03-22,2009-03-31,2009-03-27,10,2.775927778428196,2.434083818118213,24.34083818118213,1,Moderate,1,2
4123,4135,2009-04-16,2009-04-28,2009-04-24,13,3.2218963632485966,2.5921282927716933,33.697667806032015,1,Moderate,1,2
4420,4445,2010-02-07,2010-03-04,2010-02-22,26,3.699943190789174,2.7426930654659993,71.31001970211598,2,Strong,1,2
4463,4471,2010-03-22,2010-03-30,2010-03-27,9,4.049641623034647,3.0680695249895638,27.612625724906074,2,Strong,1,2
4484,4488,2010-04-12,2010-04-16,2010-04-14,5,2.741878362652871,2.2544141684399177,11.27207084219959,1,Moderate,1,2
4655,4661,2010-09-30,2010-10-06,2010-10-05,7,2.0810283647173193,1.7541482690132308,12.279037883092617,1,Moderate,1,2
4677,4683,2010-10-22,2010-10-28,2010-10-24,7,2.4687266537688117,2.0866561834371162,14.606593284059812,1,Moderate,1,2
4846,4858,2011-04-09,2011-04-21,2011-04-10,13,2.9672557514609963,2.3725698479912123,30.84340802388576,1,Moderate,1,2
4940,4953,2011-07-12,2011-07-25,2011-07-19,14,2.696449827167495,2.255242254468978,31.57339156256569,1,Moderate,1,2
4988,4994,2011-08-29,2011-09-04,2011-09-01,7,2.51673048379563,2.160298739499672,15.122091176497705,1,Moderate,1,2
5032,5037,2011-10-12,2011-10-17,2011-10-16,6,1.7750579751240139,1.6557882074910093,9.934729244946055,1,Moderate,1,2
5103,5114,2011-12-22,2012-01-02,2011-12-30,12,2.901788190867375,2.141774733901721,25.70129680682065,1,Moderate,1,2
5534,5538,2013-02-25,2013-03-01,2013-02-28,5,2.6711289692660696,2.1614044085309394,10.807022042654697,1,Moderate,1,2
5748,5760,2013-09-27,2013-10-09,2013-09-30,13,3.275510993294347,2.1374308257135626,27.786600734276316,2,Strong,1,2
5768,5773,2013-10-17,2013-10-22,2013-10-19,6,2.572684652031537,2.077924471536963,12.467546829221778,1,Moderate,1,2
5830,5841,2013-12-18,2013-12-29,2013-12-27,12,2.3377380768393294,1.8626697689153264,22.352037226983917,1,Moderate,1,2
5849,5858,2014-01-06,2014-01-15,2014-01-15,10,3.0794483632869945,2.1844763568312375,21.844763568312374,1,Moderate,1,2
5865,5882,2014-01-22,2014-02-08,2014-01-31,18,2.6855960975139546,2.1705448851807896,39.06980793325421,1,Moderate,1,2
6337,6377,2015-05-09,2015-06-18,2015-06-06,41,5.079719276587465,3.2645734344303268,133.8475108116434,3,Severe,1,2
6382,6386,2015-06-23,2015-06-27,2015-06-26,5,2.5574402180375095,2.220532498733145,11.102662493665726,1,Moderate,1,2
6460,6466,2015-09-09,2015-09-15,2015-09-13,7,2.341279728431754,2.056392584923094,14.394748094461658,1,Moderate,1,2
6704,6708,2016-05-10,2016-05-14,2016-05-11,5,2.663309110028756,2.3406962768521224,11.703481384260613,1,Moderate,1,2
7076,7083,2017-05-17,2017-05-24,2017-05-23,8,3.291078898837622,2.5254251537089227,20.203401229671382,2,Strong,1,2
7349,7357,2018-02-14,2018-02-22,2018-02-20,9,2.9351918663048178,2.2654565433192766,20.38910888987349,1,Moderate,1,2
7414,7442,2018-04-20,2018-05-18,2018-04-30,29,2.963970420852853,2.250244164303071,65.25708076478907,1,Moderate,1,2
7447,7452,2018-05-23,2018-05-28,2018-05-28,6,2.3782831181634556,2.1173391041405565,12.704034624843338,1,Moderate,1,2
7457,7462,2018-06-02,2018-06-07,2018-06-05,6,3.059236520745081,2.59480420603081,15.56882523618486,1,Moderate,1,2
7638,7642,2018-11-30,2018-12-04,2018-12-03,5,3.0279851725626727,2.215181883331433,11.075909416657167,1,Moderate,1,2
7650,7664,2018-12-12,2018-12-26,2018-12-15,15,2.8706893326933933,2.357161716407753,35.3574257461163,1,Moderate,1,2
7668,7678,2018-12-30,2019-01-09,2019-01-07,11,2.7620294554602065,1.844369398572364,20.288063384296002,1,Moderate,1,2
7781,7788,2019-04-22,2019-04-29,2019-04-26,8,2.8552883541353644,2.22515397814556,17.80123182516448,1,Moderate,1,2
7986,8000,2019-11-13,2019-11-27,2019-11-20,15,4.356380832815752,2.939627103283605,44.094406549254074,2,Strong,1,2
8160,8164,2020-05-05,2020-05-09,2020-05-06,5,2.1722878971581707,1.89901619933174,9.4950809966587,1,Moderate,1,2
8255,8285,2020-08-08,2020-09-07,2020-08-20,31,3.62012672090248,2.162392828640896,67.03417768786778,2,Strong,1,2
8289,8326,2020-09-11,2020-10-18,2020-09-18,38,4.404742076691022,3.3312226299559606,126.5864599383265,2,Strong,1,2
8429,8445,2021-01-29,2021-02-14,2021-02-09,17,3.9607023832253834,3.0057464334286843,51.09768936828763,2,Strong,1,2
8576,8595,2021-06-25,2021-07-14,2021-07-04,20,6.089711889728676,4.545472235028029,90.90944470056058,3,Severe,1,2
8614,8624,2021-08-02,2021-08-12,2021-08-07,11,2.8624799840697186,2.1124529975260193,23.236982972786212,2,Strong,1,2
8630,8638,2021-08-18,2021-08-26,2021-08-21,9,2.0268557159173675,1.7605014161247654,15.844512745122888,1,Moderate,1,2
8754,8758,2021-12-20,2021-12-24,2021-12-21,5,2.1605115393564898,1.9209034740187714,9.604517370093857,1,Moderate,1,2
8783,8791,2022-01-18,2022-01-26,2022-01-24,9,2.9132795942027165,2.3779297050133312,21.401367345119983,1,Moderate,1,2
8861,8884,2022-04-06,2022-04-29,2022-04-09,24,3.559295862095068,2.759234824014053,66.22163577633728,1,Moderate,1,2
9060,9073,2022-10-22,2022-11-04,2022-10-25,14,3.201720744600699,2.2948838716973277,32.12837420376259,2,Strong,1,2
9106,9130,2022-12-07,2022-12-31,2022-12-22,25,4.698961306987936,3.2093160624898345,80.23290156224586,3,Severe,1,2
9292,9307,2023-06-11,2023-06-26,2023-06-21,16,3.1380564404192484,2.4553644528073693,39.28583124491791,1,Moderate,1,2
9385,9389,2023-09-12,2023-09-16,2023-09-12,5,2.0327538323429692,1.7996359377595355,8.998179688797677,1,Moderate,1,2
18,22,1998-01-19,1998-01-23,1998-01-21,5,2.1726750684475657,1.945601981022413,9.728009905112065,1,Moderate,1,3
60,69,1998-03-02,1998-03-11,1998-03-05,10,2.809148225245588,2.4429298671721424,24.429298671721423,1,Moderate,1,3
130,138,1998-05-11,1998-05-19,1998-05-12,9,2.792126205057887,2.3355869599386305,21.020282639447675,1,Moderate,1,3
575,579,1999-07-30,1999-08-03,1999-08-03,5,2.1687852934357075,2.04261157872702,10.2130578936351,1,Moderate,1,3
770,801,2000-02-10,2000-03-12,2000-03-08,32,3.854551101123265,2.4941344883255274,79.81230362641688,1,Moderate,1,3
809,836,2000-03-20,2000-04-16,2000-03-31,28,3.02936462518087,2.418322622311826,67.71303342473112,1,Moderate,1,3
886,894,2000-06-05,2000-06-13,2000-06-09,9,2.573989734719394,2.112738252941506,19.014644276473557,1,Moderate,1,3
899,903,2000-06-18,2000-06-22,2000-06-21,5,2.3812937613028424,1.8975300887505888,9.487650443752944,1,Moderate,1,3
917,949,2000-07-06,2000-08-07,2000-07-30,33,4.838458930586167,3.586125685622447,118.34214762554075,2,Strong,1,3
1385,1393,2001-10-17,2001-10-25,2001-10-23,9,3.789297362068428,2.9255978226354213,26.33038040371879,1,Moderate,1,3
1560,1564,2002-04-10,2002-04-14,2002-04-12,5,2.3149346387328364,2.051576895433371,10.257884477166854,1,Moderate,1,3
1588,1610,2002-05-08,2002-05-30,2002-05-13,23,3.662490666095092,2.369253016025571,54.49281936858814,2,Strong,1,3
1631,1635,2002-06-20,2002-06-24,2002-06-23,5,1.9723398684014484,1.644202035018519,8.221010175092594,1,Moderate,1,3
1990,2000,2003-06-14,2003-06-24,2003-06-17,11,2.788034845683434,1.8768617433839951,20.645479177223947,2,Strong,1,3
2399,2416,2004-07-27,2004-08-13,2004-07-31,18,3.6230887434548436,2.681782062566297,48.27207712619335,2,Strong,1,3
3101,3109,2006-06-29,2006-07-07,2006-07-07,9,2.364515823343705,1.8836491593273967,16.95284243394657,1,Moderate,1,3
3188,3195,2006-09-24,2006-10-01,2006-09-30,8,3.8692686401344467,2.981041295570187,23.848330364561495,1,Moderate,1,3
3256,3269,2006-12-01,2006-12-14,2006-12-07,14,2.7177272525315175,2.3333400464398237,32.666760650157535,1,Moderate,1,3
3521,3531,2007-08-23,2007-09-02,2007-08-31,11,3.189972514310014,2.7159036885403656,29.87494057394402,1,Moderate,1,3
3548,3557,2007-09-19,2007-09-28,2007-09-22,10,3.2499175672889997,2.643575677996171,26.43575677996171,1,Moderate,1,3
3564,3568,2007-10-05,2007-10-09,2007-10-05,5,2.784852775692741,2.387941084859615,11.939705424298076,1,Moderate,1,3
4118,4123,2009-04-11,2009-04-16,2009-04-16,6,2.705227306139612,2.3690551095012404,14.214330657007443,1,Moderate,1,3
4147,4152,2009-05-10,2009-05-15,2009-05-12,6,2.903949464713911,2.3529406621272515,14.11764397276351,1,Moderate,1,3
4350,4357,2009-11-29,2009-12-06,2009-12-01,8,2.828998698501236,2.3923437090506647,19.138749672405318,1,Moderate,1,3
4592,4596,2010-07-29,2010-08-02,2010-08-01,5,2.155072446699659,2.0245654916343065,10.122827458171532,1,Moderate,1,3
4677,4690,2010-10-22,2010-11-04,2010-10-26,14,4.33951775948962,3.000327422629401,42.00458391681162,2,Strong,1,3
4909,4913,2011-06-11,2011-06-15,2011-06-13,5,2.681941164552807,2.0980887456063777,10.490443728031888,1,Moderate,1,3
5050,5059,2011-10-30,2011-11-08,2011-10-31,10,3.0303414539417,2.3975183647042306,23.975183647042307,1,Moderate,1,3
5064,5069,2011-11-13,2011-11-18,2011-11-16,6,2.55625711887488,1.9611723977837467,11.76703438670248,1,Moderate,1,3
5100,5106,2011-12-19,2011-12-25,2011-12-23,7,2.7103114657916816,2.192591626178951,15.348141383252658,1,Moderate,1,3
5218,5233,2012-04-15,2012-04-30,2012-04-19,16,4.219455368883814,3.174706311844002,50.795300989504035,2,Strong,1,3
5349,5358,2012-08-24,2012-09-02,2012-08-31,10,3.2103338641166523,2.5633816390236857,25.633816390236856,1,Moderate,1,3
5387,5393,2012-10-01,2012-10-07,2012-10-05,7,2.873676217153953,2.66514743864762,18.656032070533342,1,Moderate,1,3
5710,5718,2013-08-20,2013-08-28,2013-08-25,9,3.132759240658242,2.4047595113777738,21.642835602399963,1,Moderate,1,3
5835,5841,2013-12-23,2013-12-29,2013-12-26,7,2.7464475670335524,2.1653997505223286,15.157798253656301,1,Moderate,1,3
5857,5876,2014-01-14,2014-02-02,2014-01-24,20,4.5070808343681215,3.109113680025418,62.18227360050836,2,Strong,1,3
5894,5899,2014-02-20,2014-02-25,2014-02-24,6,3.4687694825238395,2.976247915301652,17.857487491809913,1,Moderate,1,3
5952,5970,2014-04-19,2014-05-07,2014-04-28,19,4.737255747778946,3.349966209619535,63.649357982771164,2,Strong,1,3
6109,6124,2014-09-23,2014-10-08,2014-09-29,16,3.2716293281459166,2.7621708387565667,44.19473342010507,1,Moderate,1,3
6136,6140,2014-10-20,2014-10-24,2014-10-23,5,2.5912194227553336,2.200167510023026,11.00083755011513,1,Moderate,1,3
6266,6271,2015-02-27,2015-03-04,2015-03-01,6,3.266034023726281,2.5440625182557564,15.264375109534539,1,Moderate,1,3
6935,6957,2016-12-27,2017-01-18,2017-01-08,23,3.171440251370253,2.1250526950816813,48.87621198687867,2,Strong,1,3
7261,7265,2017-11-18,2017-11-22,2017-11-20,5,2.319708362955339,2.024366463743665,10.121832318718324,1,Moderate,1,3
7269,7281,2017-11-26,2017-12-08,2017-12-06,13,3.3881004948400157,2.414753564684727,31.39179634090145,1,Moderate,1,3
7323,7331,2018-01-19,2018-01-27,2018-01-22,9,2.934847430087551,2.0764842066316955,18.68835785968526,1,Moderate,1,3
7448,7459,2018-05-24,2018-06-04,2018-05-30,12,3.487437906910621,2.138167578172872,25.658010938074465,2,Strong,1,3
7528,7535,2018-08-12,2018-08-19,2018-08-15,8,3.2480503393817415,2.81379265351493,22.51034122811944,1,Moderate,1,3
7605,7609,2018-10-28,2018-11-01,2018-10-29,5,2.520895304334024,2.186945167284102,10.93472583642051,1,Moderate,1,3
7613,7618,2018-11-05,2018-11-10,2018-11-09,6,2.217771273406102,1.985705308574697,11.914231851448182,1,Moderate,1,3
7833,7856,2019-06-13,2019-07-06,2019-06-21,24,3.560751084895898,2.3794902476097715,57.107765942634515,2,Strong,1,3
8082,8092,2020-02-17,2020-02-27,2020-02-21,11,3.383394569877975,2.478804848460523,27.266853333065754,1,Moderate,1,3
8112,8121,2020-03-18,2020-03-27,2020-03-20,10,2.8637650703167967,2.2919224847016393,22.919224847016395,1,Moderate,1,3
8137,8148,2020-04-12,2020-04-23,2020-04-20,12,3.0256094560731377,2.5391537150642596,30.469844580771113,1,Moderate,1,3
8398,8407,2020-12-29,2021-01-07,2021-01-03,10,2.2452496463971396,1.989980214668512,19.89980214668512,1,Moderate,1,3
8478,8495,2021-03-19,2021-04-05,2021-03-28,18,3.9517928451463717,2.9692525975123703,53.44654675522266,2,Strong,1,3
8543,8548,2021-05-23,2021-05-28,2021-05-26,6,1.929017723590654,1.6690497478562112,10.014298487137268,1,Moderate,1,3
9063,9076,2022-10-25,2022-11-07,2022-11-01,14,4.7189870267653315,2.9805412119938715,41.7275769679142,2,Strong,1,3
9100,9109,2022-12-01,2022-12-10,2022-12-04,10,3.2589206644575324,2.474130253114397,24.741302531143972,1,Moderate,1,3
9124,9134,2022-12-25,2023-01-04,2022-12-27,11,2.273916830480463,1.8632628891180951,20.495891780299047,1,Moderate,1,3
9170,9174,2023-02-09,2023-02-13,2023-02-13,5,2.0112357514935297,1.8375494341611762,9.187747170805881,1,Moderate,1,3
9458,9464,2023-11-24,2023-11-30,2023-11-27,7,2.576656906570147,2.254405389518951,15.780837726632658,1,Moderate,1,3
40,53,1998-02-10,1998-02-23,1998-02-15,14,3.6998744706374307,2.7895190498672155,39.053266698141016,1,Moderate,1,4
243,248,1998-09-01,1998-09-06,1998-09-03,6,2.654113148702802,2.2193841942543115,13.316305165525868,1,Moderate,1,4
1494,1498,2002-02-03,2002-02-07,2002-02-07,5,2.4130580423055594,2.1088499737401114,10.544249868700557,1,Moderate,1,4
1964,1968,2003-05-19,2003-05-23,2003-05-20,5,1.8502520637994095,1.6413982448519142,8.206991224259571,1,Moderate,1,4
2196,2201,2004-01-06,2004-01-11,2004-01-09,6,2.7583549373436913,2.3650478589401334,14.1902871536408,1,Moderate,1,4
2227,2237,2004-02-06,2004-02-16,2004-02-07,11,3.213641139618069,2.5926238784704725,28.518862663175195,1,Moderate,1,4
2317,2328,2004-05-06,2004-05-17,2004-05-13,12,3.3749719685975563,2.2020087339875274,26.424104807850327,2,Strong,1,4
2435,2444,2004-09-01,2004-09-10,2004-09-04,10,2.167672812418438,1.7257567110027456,17.257567110027455,1,Moderate,1,4
2448,2453,2004-09-14,2004-09-19,2004-09-18,6,2.6859548831602993,2.1525946364852113,12.915567818911267,1,Moderate,1,4
2575,2579,2005-01-19,2005-01-23,2005-01-20,5,2.324268540768628,2.1057298580206907,10.528649290103454,1,Moderate,1,4
2625,2635,2005-03-10,2005-03-20,2005-03-15,11,4.090967477674351,3.2969048496841435,36.26595334652558,2,Strong,1,4
3386,3400,2007-04-10,2007-04-24,2007-04-15,15,3.56313138018859,2.763199152541597,41.447987288123954,2,Strong,1,4
3508,3515,2007-08-10,2007-08-17,2007-08-11,8,2.1702288168087733,1.9119457264235562,15.29556581138845,1,Moderate,1,4
3659,3664,2008-01-08,2008-01-13,2008-01-10,6,2.3991561543435633,2.157455245486582,12.944731472919491,1,Moderate,1,4
3689,3694,2008-02-07,2008-02-12,2008-02-09,6,2.7902174650355054,2.4736093996671094,14.841656398002655,1,Moderate,1,4
3705,3709,2008-02-23,2008-02-27,2008-02-25,5,2.8285536782720833,2.4503670054736517,12.251835027368259,1,Moderate,1,4
4133,4138,2009-04-26,2009-05-01,2009-04-26,6,2.3503188708355545,1.9371757778231267,11.62305466693876,1,Moderate,1,4
4801,4806,2011-02-23,2011-02-28,2011-02-26,6,2.5708122812918024,2.2984259431593177,13.790555658955906,1,Moderate,1,4
4823,4833,2011-03-17,2011-03-27,2011-03-23,11,3.1662394449040256,2.6039165494472623,28.643082043919886,1,Moderate,1,4
4849,4859,2011-04-12,2011-04-22,2011-04-13,11,2.113659736854002,1.862396398259852,20.486360380858372,1,Moderate,1,4
4885,4898,2011-05-18,2011-05-31,2011-05-18,14,2.3232697300680485,1.878672496946422,26.301414957249907,1,Moderate,1,4
4918,4969,2011-06-20,2011-08-10,2011-07-12,52,5.880581750137139,3.3297308495354487,173.14600417584333,3,Severe,1,4
4975,4979,2011-08-16,2011-08-20,2011-08-20,5,1.900352569203239,1.734325105129151,8.671625525645755,1,Moderate,1,4
5242,5247,2012-05-09,2012-05-14,2012-05-12,6,2.353503275696312,1.8082542344312216,10.849525406587329,1,Moderate,1,4
5725,5761,2013-09-04,2013-10-10,2013-09-14,37,4.147072267516311,2.8740690993002196,106.34055667410813,2,Strong,1,4
5850,5861,2014-01-07,2014-01-18,2014-01-11,12,3.8729218285815925,2.812879825283216,33.75455790339859,2,Strong,1,4
6147,6152,2014-10-31,2014-11-05,2014-11-02,6,2.321350348240145,2.098201200638837,12.589207203833023,1,Moderate,1,4
6385,6397,2015-06-26,2015-07-08,2015-06-29,13,3.0303166028877477,2.3417807866347244,30.44315022625142,2,Strong,1,4
6406,6411,2015-07-17,2015-07-22,2015-07-19,6,3.6794291397098355,2.8017070234541612,16.810242140724966,2,Strong,1,4
6482,6494,2015-10-01,2015-10-13,2015-10-10,13,3.066419744759326,2.700836749155603,35.11087773902284,1,Moderate,1,4
6498,6506,2015-10-17,2015-10-25,2015-10-23,9,2.6025137200122757,2.3145437687854633,20.83089391906917,1,Moderate,1,4
6518,6557,2015-11-06,2015-12-15,2015-12-04,40,3.771192538181653,2.7027529574136717,108.11011829654687,2,Strong,1,4
6570,6581,2015-12-28,2016-01-08,2016-01-04,12,3.1699528722683876,2.5823077147959697,30.987692577551634,1,Moderate,1,4
6860,6866,2016-10-13,2016-10-19,2016-10-15,7,3.0750364423760317,2.6416364154153307,18.491454907907315,1,Moderate,1,4
6872,6910,2016-10-25,2016-12-02,2016-11-03,39,3.166059704740235,2.3701733172955293,92.43675937452565,1,Moderate,1,4
6997,7003,2017-02-27,2017-03-05,2017-03-01,7,3.2621734853228084,2.7273768678794035,19.091638075155824,1,Moderate,1,4
7007,7026,2017-03-09,2017-03-28,2017-03-25,20,3.9416797836452417,2.8973049505945214,57.946099011890425,2,Strong,1,4
7097,7101,2017-06-07,2017-06-11,2017-06-10,5,2.3683009329489373,1.7740125518303536,8.870062759151768,1,Moderate,1,4
7149,7165,2017-07-29,2017-08-14,2017-08-04,17,3.051924634463525,2.195891229838064,37.33015090724709,1,Moderate,1,4
7221,7231,2017-10-09,2017-10-19,2017-10-12,11,2.9925158589414735,2.241679410707745,24.658473517785197,1,Moderate,1,4
7327,7337,2018-01-23,2018-02-02,2018-02-01,11,2.836713376964589,2.281431265908665,25.095743924995315,1,Moderate,1,4
7795,7802,2019-05-06,2019-05-13,2019-05-10,8,3.2143079386264013,2.2818635236944074,18.25490818955526,2,Strong,1,4
8135,8157,2020-04-10,2020-05-02,2020-04-19,23,4.769266970809596,2.8603168832935224,65.78728831575101,3,Severe,1,4
8448,8486,2021-02-17,2021-03-27,2021-03-07,39,6.330385456772575,4.472835623392441,174.44058931230518,3,Severe,1,4
8577,8581,2021-06-26,2021-06-30,2021-06-28,5,2.415519074393469,1.937486258300482,9.68743129150241,1,Moderate,1,4
8590,8597,2021-07-09,2021-07-16,2021-07-12,8,2.2329391341168012,1.8062812168125055,14.450249734500044,1,Moderate,1,4
8618,8623,2021-08-06,2021-08-11,2021-08-06,6,2.323526248154174,2.1144859444165554,12.686915666499331,1,Moderate,1,4
8646,8689,2021-09-03,2021-10-16,2021-09-30,44,4.486323694556628,2.764460663184861,121.63626918013388,2,Strong,1,4
8693,8704,2021-10-20,2021-10-31,2021-10-30,12,2.5400263763521664,2.136652184037377,25.639826208448525,1,Moderate,1,4
8820,8824,2022-02-24,2022-02-28,2022-02-26,5,2.747250821081975,2.4788583547469445,12.394291773734723,1,Moderate,1,4
8875,8879,2022-04-20,2022-04-24,2022-04-24,5,1.9863210506204858,1.7100237643910234,8.550118821955117,1,Moderate,1,4
9035,9040,2022-09-27,2022-10-02,2022-09-27,6,2.2357597307384474,2.0451154034495005,12.270692420697003,1,Moderate,1,4
9086,9102,2022-11-17,2022-12-03,2022-11-19,17,2.8143456387826493,2.258392556268664,38.392673456567294,1,Moderate,1,4
9107,9126,2022-12-08,2022-12-27,2022-12-13,20,3.4242326507166574,2.5349687964361802,50.699375928723605,2,Strong,1,4
9150,9193,2023-01-20,2023-03-04,2023-02-10,44,4.4092832880620225,3.373350483086625,148.4274212558115,2,Strong,1,4
306,312,1998-11-03,1998-11-09,1998-11-06,7,2.811111148903704,2.4634559223491013,17.24419145644371,1,Moderate,1,5
603,610,1999-08-27,1999-09-03,1999-08-30,8,2.8251998939625977,2.3886080402214662,19.10886432177173,1,Moderate,1,5
1005,1020,2000-10-02,2000-10-17,2000-10-06,16,2.3222058886040458,2.0834673123282776,33.33547699725244,1,Moderate,1,5
1142,1146,2001-02-16,2001-02-20,2001-02-20,5,2.1988600665452083,1.9353317613057992,9.676658806528996,1,Moderate,1,5
1245,1249,2001-05-30,2001-06-03,2001-06-01,5,2.170115647426499,1.9562551959729362,9.781275979864681,1,Moderate,1,5
1428,1436,2001-11-29,2001-12-07,2001-12-07,9,2.347380523439549,2.0203299360317333,18.1829694242856,1,Moderate,1,5
1462,1466,2002-01-02,2002-01-06,2002-01-03,5,2.42624088190483,2.146762767558996,10.733813837794981,1,Moderate,1,5
1473,1487,2002-01-13,2002-01-27,2002-01-15,15,2.8050136460448254,2.287228975692825,34.30843463539237,1,Moderate,1,5
1613,1619,2002-06-02,2002-06-08,2002-06-04,7,2.47614804715111,1.9295025552387652,13.506517886671357,1,Moderate,1,5
1706,1715,2002-09-03,2002-09-12,2002-09-08,10,3.9990165352098437,2.8595007017780443,28.595007017780443,2,Strong,1,5
1879,1887,2003-02-23,2003-03-03,2003-02-24,9,2.449067729044776,2.048848794554287,18.439639150988583,1,Moderate,1,5
1910,1946,2003-03-26,2003-05-01,2003-04-14,37,3.2318545930796816,2.328596838070171,86.15808300859634,2,Strong,1,5
2255,2270,2004-03-05,2004-03-20,2004-03-14,16,3.4461452782935282,2.416567329198557,38.66507726717691,2,Strong,1,5
2361,2390,2004-06-19,2004-07-18,2004-07-06,30,4.576523624990539,3.0538357100261027,91.61507130078309,2,Strong,1,5
2415,2419,2004-08-12,2004-08-16,2004-08-15,5,2.4588243292331384,2.047385562111791,10.236927810558957,1,Moderate,1,5
2822,2836,2005-09-23,2005-10-07,2005-10-01,15,4.077078992013149,2.8126330780589988,42.18949617088498,2,Strong,1,5
2840,2866,2005-10-11,2005-11-06,2005-10-23,27,3.245394290671543,2.332118714141123,62.96720528181032,1,Moderate,1,5
2878,2892,2005-11-18,2005-12-02,2005-11-22,15,2.8716267408948184,1.829371654265022,27.44057481397533,2,Strong,1,5
2908,2912,2005-12-18,2005-12-22,2005-12-20,5,2.6943403312632217,2.1568960901144036,10.784480450572017,1,Moderate,1,5
3286,3344,2006-12-31,2007-02-27,2007-02-15,59,4.959445732803578,2.8212135544758863,166.4515997140773,3,Severe,1,5
3482,3504,2007-07-15,2007-08-06,2007-07-25,23,3.277000420509058,2.516570155700698,57.881113581116054,1,Moderate,1,5
3511,3526,2007-08-13,2007-08-28,2007-08-18,16,2.7927646523316056,2.122617089503174,33.96187343205079,1,Moderate,1,5
3849,3854,2008-07-16,2008-07-21,2008-07-18,6,2.6091081646904755,2.2591072221961226,13.554643333176735,1,Moderate,1,5
4124,4129,2009-04-17,2009-04-22,2009-04-19,6,2.0715906397189343,1.9132477422000485,11.479486453200291,1,Moderate,1,5
4250,4257,2009-08-21,2009-08-28,2009-08-23,8,2.7889820462761215,2.26300750300091,18.10406002400728,1,Moderate,1,5
4342,4350,2009-11-21,2009-11-29,2009-11-26,9,3.3081175824584843,2.490774943720179,22.41697449348161,2,Strong,1,5
4514,4523,2010-05-12,2010-05-21,2010-05-15,10,3.2021231228266345,2.4594933010838824,24.594933010838822,1,Moderate,1,5
5209,5213,2012-04-06,2012-04-10,2012-04-07,5,2.0871550495703133,1.7620454926458007,8.810227463229003,1,Moderate,1,5
5283,5296,2012-06-19,2012-07-02,2012-06-27,14,3.5126067072299882,2.4381450020267965,34.13403002837515,2,Strong,1,5
5302,5316,2012-07-08,2012-07-22,2012-07-21,15,2.7901711230422492,2.179970355897254,32.69955533845881,1,Moderate,1,5
5459,5463,2012-12-12,2012-12-16,2012-12-14,5,2.27727934124448,1.8273244354202824,9.136622177101412,1,Moderate,1,5
5777,5785,2013-10-26,2013-11-03,2013-10-27,9,2.906332291353058,2.101988973529362,18.91790076176426,1,Moderate,1,5
5965,5980,2014-05-02,2014-05-17,2014-05-09,16,3.609590219014688,2.641482552133754,42.26372083414007,1,Moderate,1,5
5989,5998,2014-05-26,2014-06-04,2014-05-30,10,2.9285693066191563,2.3135780792150653,23.135780792150655,1,Moderate,1,5
6269,6280,2015-03-02,2015-03-13,2015-03-10,12,3.3862625628908187,2.644331768844795,31.731981226137542,1,Moderate,1,5
6481,6487,2015-09-30,2015-10-06,2015-10-03,7,2.955440534880953,2.4320211351147347,17.024147945803144,1,Moderate,1,5
6623,6628,2016-02-19,2016-02-24,2016-02-23,6,2.76318331532603,2.2451020866515314,13.470612519909189,1,Moderate,1,5
6646,6663,2016-03-13,2016-03-30,2016-03-17,18,2.7593939126717952,2.0942922135561393,37.69725984401051,1,Moderate,1,5
6791,6799,2016-08-05,2016-08-13,2016-08-10,9,3.3833495323747442,2.6272268502591514,23.645041652332363,2,Strong,1,5
6826,6832,2016-09-09,2016-09-15,2016-09-14,7,2.5854850215102125,2.3414555893863773,16.39018912570464,1,Moderate,1,5
6855,6861,2016-10-08,2016-10-14,2016-10-09,7,2.7836288866024574,2.456419733237835,17.194938132664845,1,Moderate,1,5
6865,6870,2016-10-18,2016-10-23,2016-10-20,6,2.497680221387828,2.0699826772881202,12.419896063728721,1,Moderate,1,5
7062,7068,2017-05-03,2017-05-09,2017-05-04,7,2.4938820115969556,2.214959476903225,15.504716338322574,1,Moderate,1,5
7072,7077,2017-05-13,2017-05-18,2017-05-16,6,3.4094625489609456,2.6051245844634647,15.63074750678079,1,Moderate,1,5
7290,7299,2017-12-17,2017-12-26,2017-12-18,10,2.38298879529715,1.978497478565992,19.78497478565992,1,Moderate,1,5
7310,7354,2018-01-06,2018-02-19,2018-02-03,45,5.823027574639456,3.5653234051229985,160.43955323053493,3,Severe,1,5
7486,7493,2018-07-01,2018-07-08,2018-07-03,8,2.4737505824783703,2.1529625817747444,17.223700654197955,1,Moderate,1,5
7502,7508,2018-07-17,2018-07-23,2018-07-20,7,2.6219301133960933,2.174942783962561,15.224599487737926,1,Moderate,1,5
7574,7582,2018-09-27,2018-10-05,2018-10-01,9,2.795346589896731,2.341144083992339,21.070296755931054,1,Moderate,1,5
7626,7637,2018-11-18,2018-11-29,2018-11-21,12,2.518438620309473,2.0055698310017473,24.066837972020966,1,Moderate,1,5
7777,7797,2019-04-18,2019-05-08,2019-05-02,21,3.9203313791478855,2.5927548879356443,54.44785264664853,2,Strong,1,5
8043,8049,2020-01-09,2020-01-15,2020-01-13,7,2.8534198178185353,2.2320600152912684,15.624420107038878,1,Moderate,1,5
8180,8195,2020-05-25,2020-06-09,2020-05-31,16,4.127069820357086,3.1675875074669615,50.681400119471384,2,Strong,1,5
8337,8343,2020-10-29,2020-11-04,2020-11-02,7,2.99781971891616,2.630792475875461,18.415547331128227,1,Moderate,1,5
8396,8402,2020-12-27,2021-01-02,2020-12-31,7,2.254462201468753,1.9589344603128733,13.712541222190113,1,Moderate,1,5
8438,8442,2021-02-07,2021-02-11,2021-02-10,5,2.254693471349139,1.944215130365815,9.721075651829075,1,Moderate,1,5
8471,8481,2021-03-12,2021-03-22,2021-03-16,11,3.1335948473837316,2.23104794950992,24.541527444609116,1,Moderate,1,5
8523,8527,2021-05-03,2021-05-07,2021-05-05,5,2.7862586426853078,2.267554412930926,11.33777206465463,1,Moderate,1,5
8604,8614,2021-07-23,2021-08-02,2021-07-28,11,3.1660188529619155,2.4682996799594017,27.15129647955342,1,Moderate,1,5
8688,8692,2021-10-15,2021-10-19,2021-10-16,5,2.7052057994519565,2.3923786707957326,11.961893353978663,1,Moderate,1,5
8703,8719,2021-10-30,2021-11-15,2021-11-06,17,3.91751555445987,2.6089333816127103,44.35186748741607,2,Strong,1,5
8894,8898,2022-05-09,2022-05-13,2022-05-10,5,2.6060120799232784,2.305912131517464,11.529560657587322,1,Moderate,1,5
9443,9465,2023-11-09,2023-12-01,2023-11-13,23,3.3491870657207627,2.2405300918640534,51.53219211287323,2,Strong,1,5
9479,9495,2023-12-15,2023-12-31,2023-12-19,17,3.252011090918476,2.4042608834881274,40.872435019298166,2,Strong,1,5
483,487,1999-04-29,1999-05-03,1999-05-01,5,2.4577494599720566,2.0810763987224474,10.405381993612238,1,Moderate,2,0
788,801,2000-02-28,2000-03-12,2000-03-09,14,3.0251202491449654,2.498935205487554,34.98509287682575,1,Moderate,2,0
893,926,2000-06-12,2000-07-15,2000-06-18,34,3.8962022606958726,2.598884725842421,88.3620806786423,2,Strong,2,0
1646,1650,2002-07-05,2002-07-09,2002-07-07,5,2.534258676179757,2.1287278760431967,10.643639380215983,1,Moderate,2,0
1887,1892,2003-03-03,2003-03-08,2003-03-07,6,2.679005018067155,2.2976379664810005,13.785827798886004,1,Moderate,2,0
1908,1913,2003-03-24,2003-03-29,2003-03-27,6,2.342750554240409,1.9031547480862612,11.418928488517567,1,Moderate,2,0
2553,2567,2004-12-28,2005-01-11,2005-01-02,15,3.3349181755514667,2.6115036172786725,39.17255425918009,2,Strong,2,0
2573,2580,2005-01-17,2005-01-24,2005-01-20,8,3.1086857889896713,2.253641157968752,18.029129263750015,2,Strong,2,0
2760,2802,2005-07-23,2005-09-03,2005-08-17,43,5.797381470551812,3.6170812632515577,155.534494319817,3,Severe,2,0
2959,2972,2006-02-07,2006-02-20,2006-02-14,14,3.470370546265734,2.5601296555093103,35.84181517713034,2,Strong,2,0
3008,3017,2006-03-28,2006-04-06,2006-04-04,10,2.833379725791108,2.168121652430029,21.68121652430029,1,Moderate,2,0
3023,3027,2006-04-12,2006-04-16,2006-04-16,5,2.0801192821545875,1.855564168086035,9.277820840430175,1,Moderate,2,0
3031,3079,2006-04-20,2006-06-07,2006-05-23,49,3.56653798965133,2.5858825341022875,126.70824417101208,2,Strong,2,0
3102,3106,2006-06-30,2006-07-04,2006-06-30,5,2.8861679723480513,1.9405382449672843,9.702691224836421,1,Moderate,2,0
3684,3696,2008-02-02,2008-02-14,2008-02-06,13,3.4804785591494145,2.458877740989237,31.965410632860078,2,Strong,2,0
3802,3814,2008-05-30,2008-06-11,2008-06-03,13,3.026660415348857,2.3481119955304632,30.52545594189602,1,Moderate,2,0
3983,3993,2008-11-27,2008-12-07,2008-11-30,11,3.0719041482028775,2.491957120684448,27.411528327528927,1,Moderate,2,0
4032,4039,2009-01-15,2009-01-22,2009-01-19,8,4.621800933314459,3.416408846041354,27.331270768330832,3,Severe,2,0
4324,4333,2009-11-03,2009-11-12,2009-11-05,10,3.455162253208151,2.5196931150748947,25.196931150748945,2,Strong,2,0
4502,4507,2010-04-30,2010-05-05,2010-05-04,6,2.4611353004894454,2.132744546636987,12.796467279821922,1,Moderate,2,0
4888,4892,2011-05-21,2011-05-25,2011-05-23,5,2.8991891094722106,2.4341795959835935,12.170897979917967,1,Moderate,2,0
4971,4975,2011-08-12,2011-08-16,2011-08-14,5,2.501842681218932,2.2072913627278097,11.036456813639049,1,Moderate,2,0
4987,5018,2011-08-28,2011-09-28,2011-09-13,32,4.140372252708037,2.9839145410419787,95.48526531334332,2,Strong,2,0
5070,5107,2011-11-19,2011-12-26,2011-12-13,38,4.308079189148314,2.9484526701801994,112.04120146684758,2,Strong,2,0
5326,5332,2012-08-01,2012-08-07,2012-08-02,7,2.6391585663675023,2.0524174138867437,14.366921897207206,1,Moderate,2,0
5461,5467,2012-12-14,2012-12-20,2012-12-18,7,2.6191540004808687,2.148767602448431,15.041373217139018,1,Moderate,2,0
5558,5569,2013-03-21,2013-04-01,2013-03-29,12,2.770720916887589,2.266557093847068,27.19868512616482,1,Moderate,2,0
5674,5687,2013-07-15,2013-07-28,2013-07-24,14,2.4560478763259646,1.950775740522964,27.310860367321496,1,Moderate,2,0
5709,5716,2013-08-19,2013-08-26,2013-08-22,8,2.9786976736043442,2.2751554195495323,18.201243356396258,1,Moderate,2,0
5798,5807,2013-11-16,2013-11-25,2013-11-20,10,3.1590060729294347,2.467717735848911,24.67717735848911,1,Moderate,2,0
5945,5955,2014-04-12,2014-04-22,2014-04-14,11,2.5730453263176294,2.1168666396171485,23.285533035788635,1,Moderate,2,0
6043,6047,2014-07-19,2014-07-23,2014-07-19,5,1.9540432756019825,1.811808165096148,9.05904082548074,1,Moderate,2,0
6087,6091,2014-09-01,2014-09-05,2014-09-04,5,2.4647104614026283,2.234782218702511,11.173911093512555,1,Moderate,2,0
6134,6141,2014-10-18,2014-10-25,2014-10-20,8,2.8848381331728064,2.3901095442296088,19.12087635383687,1,Moderate,2,0
6558,6563,2015-12-16,2015-12-21,2015-12-19,6,2.4448721247950225,2.1301527139497645,12.780916283698588,1,Moderate,2,0
6735,6747,2016-06-10,2016-06-22,2016-06-16,13,3.431811225531625,2.645641841116814,34.39334393451858,1,Moderate,2,0
6834,6839,2016-09-17,2016-09-22,2016-09-19,6,2.880895878274792,2.3136767936836784,13.882060762102071,1,Moderate,2,0
6986,7015,2017-02-16,2017-03-17,2017-03-01,30,3.861669507301439,2.966550062578238,88.99650187734714,2,Strong,2,0
7197,7203,2017-09-15,2017-09-21,2017-09-19,7,3.4066309683586695,2.6262701831985376,18.38389128238976,1,Moderate,2,0
7211,7215,2017-09-29,2017-10-03,2017-10-02,5,2.5358606338396363,2.320636749843124,11.60318374921562,1,Moderate,2,0
7220,7248,2017-10-08,2017-11-05,2017-10-12,29,3.3813413123860805,2.586461870129807,75.00739423376442,1,Moderate,2,0
7325,7329,2018-01-21,2018-01-25,2018-01-24,5,2.619777521866311,2.292761456941743,11.463807284708716,1,Moderate,2,0
8077,8083,2020-02-12,2020-02-18,2020-02-17,7,2.482080194842874,2.025813570566865,14.180694993968057,1,Moderate,2,0
8199,8203,2020-06-13,2020-06-17,2020-06-16,5,2.4193425719139547,2.0917664930746023,10.45883246537301,1,Moderate,2,0
8218,8231,2020-07-02,2020-07-15,2020-07-11,14,2.773422514633449,2.030133010778184,28.421862150894572,1,Moderate,2,0
8263,8269,2020-08-16,2020-08-22,2020-08-19,7,3.0803684739706263,2.427484010715716,16.992388075010012,1,Moderate,2,0
8295,8308,2020-09-17,2020-09-30,2020-09-24,14,2.421103147685727,2.0675243692189196,28.945341169064875,1,Moderate,2,0
8584,8588,2021-07-03,2021-07-07,2021-07-06,5,2.0057109319409037,1.868640241154236,9.34320120577118,1,Moderate,2,0
8651,8657,2021-09-08,2021-09-14,2021-09-10,7,2.9385737295690824,2.499684526921142,17.497791688447993,1,Moderate,2,0
8760,8764,2021-12-26,2021-12-30,2021-12-27,5,2.591793642727051,2.275783223578123,11.378916117890613,1,Moderate,2,0
8830,8842,2022-03-06,2022-03-18,2022-03-11,13,2.809177249701923,2.407272661545692,31.294544600093992,1,Moderate,2,0
9097,9109,2022-11-28,2022-12-10,2022-12-03,13,3.6103785504688464,2.9774696643892686,38.707105637060494,1,Moderate,2,0
9117,9124,2022-12-18,2022-12-25,2022-12-22,8,2.588648198378289,2.1129439404895347,16.903551523916278,1,Moderate,2,0
9184,9194,2023-02-23,2023-03-05,2023-02-26,11,3.1860520463128257,2.514728350518046,27.662011855698506,1,Moderate,2,0
9330,9337,2023-07-19,2023-07-26,2023-07-23,8,2.8628578509373135,2.029677345049914,16.23741876039931,1,Moderate,2,0
9347,9368,2023-08-05,2023-08-26,2023-08-21,22,3.14927649077654,2.2461563786456766,49.41544033020489,1,Moderate,2,0
9399,9403,2023-09-26,2023-09-30,2023-09-28,5,2.817783564199683,2.462116760505308,12.31058380252654,1,Moderate,2,0
16,36,1998-01-17,1998-02-06,1998-01-31,21,4.0747165226305775,2.864919443526916,60.16330831406524,2,Strong,2,1
72,77,1998-03-14,1998-03-19,1998-03-18,6,2.4745574566268154,1.8876559484027968,11.325935690416781,1,Moderate,2,1
221,226,1998-08-10,1998-08-15,1998-08-13,6,2.2941359247336734,2.1158339418594334,12.6950036511566,1,Moderate,2,1
293,300,1998-10-21,1998-10-28,1998-10-22,8,2.7054015314296205,2.030605056228682,16.244840449829457,1,Moderate,2,1
639,646,1999-10-02,1999-10-09,1999-10-04,8,2.430251651056583,2.027159673206585,16.21727738565268,1,Moderate,2,1
837,845,2000-04-17,2000-04-25,2000-04-20,9,2.9575948259707907,2.44061304620377,21.96551741583393,2,Strong,2,1
1546,1555,2002-03-27,2002-04-05,2002-03-31,10,3.035382540894984,2.5913814945216336,25.913814945216338,1,Moderate,2,1
1607,1615,2002-05-27,2002-06-04,2002-05-31,9,2.226364024055407,1.9268260533603225,17.341434480242903,1,Moderate,2,1
3098,3140,2006-06-26,2006-08-07,2006-07-22,43,5.664817239059772,3.8721348991486564,166.50180066339223,3,Severe,2,1
3232,3237,2006-11-07,2006-11-12,2006-11-10,6,1.9562484704290153,1.7456785430631656,10.474071258378993,1,Moderate,2,1
3258,3262,2006-12-03,2006-12-07,2006-12-05,5,2.5217009968771844,2.2691357197311723,11.345678598655862,1,Moderate,2,1
3614,3640,2007-11-24,2007-12-20,2007-12-12,27,3.5028924509703803,2.535947507363613,68.47058269881755,1,Moderate,2,1
3900,3929,2008-09-05,2008-10-04,2008-09-17,30,3.8369792816403283,2.8877548402510724,86.63264520753218,2,Strong,2,1
4029,4041,2009-01-12,2009-01-24,2009-01-16,13,3.7234851953698094,2.512559781766166,32.663277162960156,2,Strong,2,1
4054,4075,2009-02-06,2009-02-27,2009-02-21,22,3.1988051562918667,2.385132162364957,52.47290757202906,1,Moderate,2,1
4180,4184,2009-06-12,2009-06-16,2009-06-12,5,2.426612825829313,1.6922971710373056,8.461485855186528,1,Moderate,2,1
4195,4209,2009-06-27,2009-07-11,2009-07-06,15,2.9520144031478104,2.2894027253164513,34.34104087974677,1,Moderate,2,1
4530,4547,2010-05-28,2010-06-14,2010-06-05,18,3.176118073046002,1.9322107406171527,34.77979333110875,2,Strong,2,1
4755,4761,2011-01-08,2011-01-14,2011-01-12,7,2.3254758655324324,2.148355506194282,15.038488543359973,1,Moderate,2,1
4828,4834,2011-03-22,2011-03-28,2011-03-25,7,2.489667817995498,2.08402827727886,14.588197940952018,1,Moderate,2,1
5222,5227,2012-04-19,2012-04-24,2012-04-21,6,2.1423186877436358,1.7898728080324997,10.739236848194999,1,Moderate,2,1
5233,5243,2012-04-30,2012-05-10,2012-05-04,11,2.7163645189533803,2.2974187117471625,25.27160582921879,1,Moderate,2,1
5263,5267,2012-05-30,2012-06-03,2012-05-31,5,2.2533632334278764,1.8724904729106058,9.362452364553029,1,Moderate,2,1
5316,5327,2012-07-22,2012-08-02,2012-07-29,12,2.828467178660052,2.2315038324106564,26.77804598892788,1,Moderate,2,1
5453,5457,2012-12-06,2012-12-10,2012-12-07,5,2.8343556795257854,2.4401478534986256,12.200739267493129,1,Moderate,2,1
5776,5791,2013-10-25,2013-11-09,2013-11-03,16,3.1253674658770088,2.3036696806573094,36.85871489051695,2,Strong,2,1
6152,6158,2014-11-05,2014-11-11,2014-11-09,7,3.0415663757955542,2.4890606794045533,17.423424755831874,1,Moderate,2,1
6280,6287,2015-03-13,2015-03-20,2015-03-16,8,2.7127302992620823,2.1980830460062286,17.58466436804983,1,Moderate,2,1
6310,6321,2015-04-12,2015-04-23,2015-04-20,12,3.0482620806264116,2.5384662920212158,30.46159550425459,2,Strong,2,1
6370,6376,2015-06-11,2015-06-17,2015-06-12,7,1.8696607914983971,1.511437868063412,10.580065076443883,1,Moderate,2,1
6433,6438,2015-08-13,2015-08-18,2015-08-16,6,2.2366034694709533,2.1527829921797483,12.91669795307849,1,Moderate,2,1
6454,6458,2015-09-03,2015-09-07,2015-09-05,5,2.213259389724236,2.0516820375404636,10.258410187702317,1,Moderate,2,1
6491,6496,2015-10-10,2015-10-15,2015-10-13,6,2.7399668001367203,2.0388611882422354,12.233167129453413,1,Moderate,2,1
6619,6627,2016-02-15,2016-02-23,2016-02-21,9,2.897460476106568,2.432174206219884,21.889567855978957,1,Moderate,2,1
6648,6666,2016-03-15,2016-04-02,2016-03-22,19,3.2247945083374656,2.050773723353344,38.964700743713536,2,Strong,2,1
6784,6793,2016-07-29,2016-08-07,2016-08-04,10,3.193697059341865,2.515460636513829,25.15460636513829,1,Moderate,2,1
6817,6835,2016-08-31,2016-09-18,2016-09-09,19,3.789456677692897,2.9057845106535827,55.20990570241807,2,Strong,2,1
6910,6914,2016-12-02,2016-12-06,2016-12-03,5,2.228010592863793,2.100981546471978,10.50490773235989,1,Moderate,2,1
6988,7012,2017-02-18,2017-03-14,2017-02-20,25,3.0573316361666407,2.319370947219337,57.984273680483426,1,Moderate,2,1
7374,7387,2018-03-11,2018-03-24,2018-03-22,14,2.643198750982746,1.990549391425923,27.86769147996292,1,Moderate,2,1
7481,7485,2018-06-26,2018-06-30,2018-06-29,5,2.0713311608030445,1.7555783893972183,8.777891946986092,1,Moderate,2,1
7736,7745,2019-03-08,2019-03-17,2019-03-12,10,3.397741862742702,2.325476394129484,23.25476394129484,2,Strong,2,1
7770,7793,2019-04-11,2019-05-04,2019-04-18,24,3.1555120590794346,2.2819275602065114,54.76626144495627,2,Strong,2,1
7797,7801,2019-05-08,2019-05-12,2019-05-09,5,2.7341022134792823,2.2655573376420195,11.327786688210097,2,Strong,2,1
7819,7827,2019-05-30,2019-06-07,2019-06-05,9,1.9698795757257095,1.7178028932123641,15.460226038911276,1,Moderate,2,1
7911,7960,2019-08-30,2019-10-18,2019-10-04,50,3.515740151261479,2.5916286156543538,129.5814307827177,2,Strong,2,1
7980,7995,2019-11-07,2019-11-22,2019-11-14,16,3.9863953396495546,2.732966551697947,43.727464827167154,2,Strong,2,1
8129,8135,2020-04-04,2020-04-10,2020-04-08,7,2.1114991411440442,1.829457739892705,12.806204179248935,1,Moderate,2,1
8160,8194,2020-05-05,2020-06-08,2020-06-05,35,3.5862529704175863,2.0966008981433664,73.38103143501782,2,Strong,2,1
8201,8209,2020-06-15,2020-06-23,2020-06-18,9,2.7803763093262504,2.2238799427632676,20.01491948486941,2,Strong,2,1
8283,8287,2020-09-05,2020-09-09,2020-09-09,5,3.056070468292827,2.5360917663523117,12.680458831761559,1,Moderate,2,1
8353,8358,2020-11-14,2020-11-19,2020-11-16,6,2.3320837155032503,2.0235567211816035,12.14134032708962,1,Moderate,2,1
8436,8442,2021-02-05,2021-02-11,2021-02-10,7,3.041501930591359,2.591411661564314,18.139881630950196,1,Moderate,2,1
8566,8637,2021-06-15,2021-08-25,2021-07-04,72,4.343367814703878,2.8279613194811066,203.61321500263966,2,Strong,2,1
8991,8996,2022-08-14,2022-08-19,2022-08-15,6,2.3837962046250887,2.029963643618737,12.17978186171242,1,Moderate,2,1
9096,9116,2022-11-27,2022-12-17,2022-12-09,21,3.7588536355731037,2.872651180950155,60.325674799953255,1,Moderate,2,1
9260,9264,2023-05-10,2023-05-14,2023-05-12,5,2.0309843455346943,1.7734344472295576,8.867172236147788,1,Moderate,2,1
9295,9301,2023-06-14,2023-06-20,2023-06-16,7,2.748419476203935,2.1460521411210154,15.022364987847109,2,Strong,2,1
9349,9353,2023-08-07,2023-08-11,2023-08-08,5,2.6896607065782483,2.2300419445874033,11.150209722937017,1,Moderate,2,1
9396,9405,2023-09-23,2023-10-02,2023-09-28,10,2.515676918005699,2.1865142324820477,21.86514232482048,1,Moderate,2,1
175,179,1998-06-25,1998-06-29,1998-06-27,5,2.553172830413054,2.389562692505436,11.94781346252718,1,Moderate,2,2
252,262,1998-09-10,1998-09-20,1998-09-15,11,3.5856615862837558,2.803590684837286,30.839497533210146,2,Strong,2,2
266,271,1998-09-24,1998-09-29,1998-09-26,6,1.7411212477881968,1.5478212354186411,9.286927412511847,1,Moderate,2,2
851,855,2000-05-01,2000-05-05,2000-05-02,5,2.991233027046711,2.51216827662173,12.560841383108649,2,Strong,2,2
1081,1089,2000-12-17,2000-12-25,2000-12-23,9,3.252805711819862,2.7530352972667855,24.77731767540107,1,Moderate,2,2
1114,1124,2001-01-19,2001-01-29,2001-01-23,11,4.219815547740398,2.9020383829944647,31.92242221293911,2,Strong,2,2
1659,1663,2002-07-18,2002-07-22,2002-07-20,5,3.251836546309889,2.6199069186685753,13.099534593342877,1,Moderate,2,2
1752,1757,2002-10-19,2002-10-24,2002-10-20,6,2.0435271451878787,1.8480048675559508,11.088029205335705,1,Moderate,2,2
1796,1801,2002-12-02,2002-12-07,2002-12-04,6,2.163754420418096,1.9506365270512298,11.70381916230738,1,Moderate,2,2
1890,1899,2003-03-06,2003-03-15,2003-03-09,10,3.1683363976815,2.2391288422076228,22.39128842207623,2,Strong,2,2
2077,2082,2003-09-09,2003-09-14,2003-09-14,6,1.8400010672460247,1.7259573757650202,10.355744254590121,1,Moderate,2,2
2277,2284,2004-03-27,2004-04-03,2004-04-01,8,2.043559104511079,1.7252616384886343,13.802093107909075,1,Moderate,2,2
2621,2625,2005-03-06,2005-03-10,2005-03-07,5,2.6400084943064233,2.2332832379849306,11.166416189924652,1,Moderate,2,2
2693,2702,2005-05-17,2005-05-26,2005-05-21,10,1.859549917231913,1.6517826789396701,16.5178267893967,1,Moderate,2,2
2895,2901,2005-12-05,2005-12-11,2005-12-06,7,2.704012597789845,2.2401784505447986,15.68124915381359,1,Moderate,2,2
3132,3137,2006-07-30,2006-08-04,2006-08-02,6,2.6699018609946528,2.157033372117461,12.942200232704767,1,Moderate,2,2
3595,3600,2007-11-05,2007-11-10,2007-11-09,6,2.674395922412115,2.2115875873272732,13.26952552396364,1,Moderate,2,2
3612,3617,2007-11-22,2007-11-27,2007-11-26,6,2.3233542056657157,1.956455227835896,11.738731367015376,1,Moderate,2,2
4098,4106,2009-03-22,2009-03-30,2009-03-27,9,2.182804536458276,1.7034363559524701,15.330927203572232,1,Moderate,2,2
4139,4143,2009-05-02,2009-05-06,2009-05-03,5,2.5237855810424783,1.9242241056318456,9.621120528159228,1,Moderate,2,2
4430,4445,2010-02-17,2010-03-04,2010-02-22,16,2.7623360962513157,2.1791497756493534,34.866396410389655,1,Moderate,2,2
4634,4639,2010-09-09,2010-09-14,2010-09-11,6,2.6033880572326886,2.0019513171773826,12.011707903064295,1,Moderate,2,2
4700,4713,2010-11-14,2010-11-27,2010-11-20,14,3.0637992705059016,2.1662028383879894,30.32683973743185,1,Moderate,2,2
4717,4721,2010-12-01,2010-12-05,2010-12-04,5,2.8026098733485316,2.12041059795369,10.602052989768449,1,Moderate,2,2
4784,4789,2011-02-06,2011-02-11,2011-02-10,6,2.3767169236513386,2.0064816621869825,12.038889973121895,1,Moderate,2,2
4886,4890,2011-05-19,2011-05-23,2011-05-22,5,2.6124611739799874,1.9181411298638573,9.590705649319286,1,Moderate,2,2
5114,5119,2012-01-02,2012-01-07,2012-01-07,6,2.035622531744364,1.883317376144397,11.299904256866382,1,Moderate,2,2
5487,5497,2013-01-09,2013-01-19,2013-01-11,11,3.6758655747725513,2.967818835993184,32.64600719592502,2,Strong,2,2
5668,5684,2013-07-09,2013-07-25,2013-07-17,17,2.8164180876301153,2.3569393809604073,40.06796947632692,1,Moderate,2,2
5690,5703,2013-07-31,2013-08-13,2013-08-11,14,3.1986880152950903,2.532206236960603,35.45088731744844,2,Strong,2,2
5749,5755,2013-09-28,2013-10-04,2013-09-30,7,2.657760489520278,2.121009685351558,14.847067797460905,2,Strong,2,2
5881,5890,2014-02-07,2014-02-16,2014-02-15,10,3.554214328816089,2.415599372390262,24.15599372390262,2,Strong,2,2
5998,6003,2014-06-04,2014-06-09,2014-06-07,6,3.1093927229589546,2.7442872122405304,16.46572327344318,1,Moderate,2,2
6008,6013,2014-06-14,2014-06-19,2014-06-16,6,2.8350300421034156,2.4415088613952682,14.649053168371609,1,Moderate,2,2
6018,6022,2014-06-24,2014-06-28,2014-06-28,5,2.3196319727151966,2.1828448851459505,10.914224425729753,1,Moderate,2,2
6134,6139,2014-10-18,2014-10-23,2014-10-20,6,1.9822033901624945,1.7181837647423424,10.309102588454055,1,Moderate,2,2
6390,6402,2015-07-01,2015-07-13,2015-07-11,13,2.879384318102751,2.311802533980047,30.053432941740613,1,Moderate,2,2
6410,6419,2015-07-21,2015-07-30,2015-07-24,10,3.014459584555105,2.2524442907666566,22.524442907666565,1,Moderate,2,2
6681,6699,2016-04-17,2016-05-05,2016-04-23,19,2.9359522824617486,1.9999861695431256,37.999737221319386,2,Strong,2,2
6726,6743,2016-06-01,2016-06-18,2016-06-10,18,4.694384850923608,3.247409410910458,58.45336939638824,2,Strong,2,2
6866,6875,2016-10-19,2016-10-28,2016-10-25,10,2.35195945759728,2.055100605266777,20.55100605266777,1,Moderate,2,2
6944,6955,2017-01-05,2017-01-16,2017-01-13,12,2.8921423579675043,2.3715553932296287,28.458664718755546,1,Moderate,2,2
6963,6967,2017-01-24,2017-01-28,2017-01-28,5,2.514795195456836,2.0387466979435844,10.193733489717921,1,Moderate,2,2
7048,7053,2017-04-19,2017-04-24,2017-04-22,6,2.3378952168148395,1.9179932528488035,11.507959517092821,1,Moderate,2,2
7166,7179,2017-08-15,2017-08-28,2017-08-25,14,2.4009169301925297,1.9726866522161575,27.617613131026204,1,Moderate,2,2
7185,7192,2017-09-03,2017-09-10,2017-09-07,8,2.882430221916181,2.2479629770024028,17.983703816019222,1,Moderate,2,2
7243,7261,2017-10-31,2017-11-18,2017-11-11,19,4.666102307449421,3.1542750343730632,59.9312256530882,2,Strong,2,2
7331,7370,2018-01-27,2018-03-07,2018-02-17,40,3.11025855214716,2.3636679075464615,94.54671630185845,1,Moderate,2,2
7407,7415,2018-04-13,2018-04-21,2018-04-14,9,2.161697909441772,1.8142230004057138,16.328007003651425,1,Moderate,2,2
7669,7673,2018-12-31,2019-01-04,2019-01-02,5,2.3962135825731536,2.1099481548928427,10.549740774464214,1,Moderate,2,2
7678,7690,2019-01-09,2019-01-21,2019-01-19,13,3.1441016665684636,2.70115292706495,35.11498805184435,1,Moderate,2,2
7788,7834,2019-04-29,2019-06-14,2019-05-29,47,3.733600752950643,2.443703808178702,114.85407898439898,2,Strong,2,2
7840,7851,2019-06-20,2019-07-01,2019-06-26,12,3.7683422417800685,2.965574753416916,35.58689704100299,1,Moderate,2,2
7886,7890,2019-08-05,2019-08-09,2019-08-08,5,2.3929592637298605,2.184226606962111,10.921133034810556,1,Moderate,2,2
8001,8027,2019-11-28,2019-12-24,2019-12-02,27,3.538821865842751,2.3222671429986024,62.701212860962265,2,Strong,2,2
8130,8134,2020-04-05,2020-04-09,2020-04-07,5,2.4914841936509564,2.0576455712845956,10.288227856422978,1,Moderate,2,2
8140,8145,2020-04-15,2020-04-20,2020-04-17,6,2.810338181164928,2.0925939304272205,12.555563582563323,1,Moderate,2,2
8159,8176,2020-05-04,2020-05-21,2020-05-15,18,3.144754168942356,2.271276853939481,40.88298337091066,2,Strong,2,2
8186,8210,2020-05-31,2020-06-24,2020-06-21,25,3.4504152762246925,2.57113392027103,64.27834800677576,1,Moderate,2,2
8233,8268,2020-07-17,2020-08-21,2020-08-02,36,3.8631411766953434,2.5872363414756196,93.14050829312231,2,Strong,2,2
8347,8389,2020-11-08,2020-12-20,2020-12-14,43,3.9920310502135603,2.4189245508629114,104.01375568710519,2,Strong,2,2
8407,8411,2021-01-07,2021-01-11,2021-01-08,5,2.8080180851614784,2.262629528548689,11.313147642743443,1,Moderate,2,2
8423,8434,2021-01-23,2021-02-03,2021-01-26,12,2.34881766398685,1.9667177713557369,23.600613256268844,1,Moderate,2,2
8448,8452,2021-02-17,2021-02-21,2021-02-17,5,2.5220156937377904,2.2741461079983303,11.370730539991651,1,Moderate,2,2
8468,8477,2021-03-09,2021-03-18,2021-03-16,10,3.067882578099253,2.22655612900028,22.2655612900028,2,Strong,2,2
8875,8882,2022-04-20,2022-04-27,2022-04-25,8,2.3411229435060967,1.9956161785453297,15.964929428362638,1,Moderate,2,2
8961,8966,2022-07-15,2022-07-20,2022-07-17,6,2.7324297469939047,2.2954350536902957,13.772610322141773,1,Moderate,2,2
9036,9040,2022-09-28,2022-10-02,2022-09-30,5,2.1095817447079988,1.6417082753499201,8.2085413767496,1,Moderate,2,2
9158,9162,2023-01-28,2023-02-01,2023-01-30,5,2.4716932864460315,2.1006547289997526,10.503273644998764,1,Moderate,2,2
9195,9206,2023-03-06,2023-03-17,2023-03-12,12,4.006586588529885,2.866179063178439,34.39414875814127,2,Strong,2,2
9331,9358,2023-07-20,2023-08-16,2023-08-01,28,3.735019442092419,2.8736338109480246,80.46174670654469,2,Strong,2,2
9385,9393,2023-09-12,2023-09-20,2023-09-17,9,2.9831750179545757,2.226134252319472,20.03520827087525,2,Strong,2,2
347,351,1998-12-14,1998-12-18,1998-12-17,5,2.2246451848434674,1.8350881220854744,9.175440610427373,1,Moderate,2,3
359,363,1998-12-26,1998-12-30,1998-12-27,5,2.415223039926957,2.0133894206074965,10.066947103037482,1,Moderate,2,3
426,432,1999-03-03,1999-03-09,1999-03-07,7,2.6311477419109224,2.2725942354600557,15.90815964822039,1,Moderate,2,3
789,795,2000-02-29,2000-03-06,2000-03-02,7,3.002389003188634,1.9487710756328533,13.641397529429973,2,Strong,2,3
823,831,2000-04-03,2000-04-11,2000-04-04,9,2.5182374731596386,2.1478123323191296,19.330310990872167,1,Moderate,2,3
1188,1194,2001-04-03,2001-04-09,2001-04-08,7,2.385316250699079,1.9947898185218451,13.963528729652916,1,Moderate,2,3
1568,1580,2002-04-18,2002-04-30,2002-04-21,13,2.5345340597770054,1.9332375867056781,25.132088627173815,1,Moderate,2,3
1715,1719,2002-09-12,2002-09-16,2002-09-16,5,2.278037343633475,2.111136701717468,10.55568350858734,1,Moderate,2,3
2030,2050,2003-07-24,2003-08-13,2003-08-01,21,3.509600746467118,2.7597710575147865,57.95519220781052,2,Strong,2,3
2057,2061,2003-08-20,2003-08-24,2003-08-22,5,2.136589478526851,1.871296632742667,9.356483163713335,1,Moderate,2,3
2154,2161,2003-11-25,2003-12-02,2003-11-28,8,2.6699196670440237,2.0374174791588233,16.299339833270587,1,Moderate,2,3
2384,2403,2004-07-12,2004-07-31,2004-07-19,20,3.1040883093025897,2.1095148682227594,42.19029736445519,1,Moderate,2,3
2438,2446,2004-09-04,2004-09-12,2004-09-08,9,2.7115672674728515,2.300871432873988,20.70784289586589,1,Moderate,2,3
2472,2478,2004-10-08,2004-10-14,2004-10-11,7,3.023186247692653,2.5460673198276953,17.822471238793867,1,Moderate,2,3
3137,3147,2006-08-04,2006-08-14,2006-08-12,11,2.9199477954681043,2.3081902635609377,25.390092899170316,1,Moderate,2,3
3305,3313,2007-01-19,2007-01-27,2007-01-25,9,3.0856092107236304,2.3674595336848743,21.307135803163867,2,Strong,2,3
3435,3442,2007-05-29,2007-06-05,2007-06-05,8,2.3917036365334603,2.0297487785117507,16.237990228094006,1,Moderate,2,3
3784,3795,2008-05-12,2008-05-23,2008-05-21,12,3.3922798082115193,2.7479464349136666,32.975357218964,1,Moderate,2,3
3824,3829,2008-06-21,2008-06-26,2008-06-26,6,2.7428127780109186,2.297908959124348,13.787453754746089,1,Moderate,2,3
3891,3897,2008-08-27,2008-09-02,2008-08-31,7,2.5486421683074134,2.278532562128889,15.949727934902224,1,Moderate,2,3
4546,4571,2010-06-13,2010-07-08,2010-06-28,26,3.850235628013074,2.6159390633950315,68.01441564827081,2,Strong,2,3
4625,4635,2010-08-31,2010-09-10,2010-09-08,11,3.745570938802988,2.860779069000739,31.46856975900813,1,Moderate,2,3
4640,4646,2010-09-15,2010-09-21,2010-09-16,7,3.3785345594570586,2.35142078045241,16.459945463166868,1,Moderate,2,3
4826,4833,2011-03-20,2011-03-27,2011-03-25,8,2.1884238499626125,1.6713936414924282,13.371149131939426,1,Moderate,2,3
5211,5221,2012-04-08,2012-04-18,2012-04-13,11,3.304337776471712,2.5057295892887184,27.563025482175902,2,Strong,2,3
5617,5630,2013-05-19,2013-06-01,2013-05-30,14,3.273288400022114,2.516953872546791,35.237354215655074,1,Moderate,2,3
5740,5745,2013-09-19,2013-09-24,2013-09-24,6,2.497007727570221,2.295902684669729,13.775416108018373,1,Moderate,2,3
5796,5802,2013-11-14,2013-11-20,2013-11-16,7,2.6819807520985552,2.3025096151865476,16.117567306305833,1,Moderate,2,3
5839,5859,2013-12-27,2014-01-16,2014-01-01,21,3.9101711225976015,2.6252833801531743,55.130950983216664,2,Strong,2,3
5881,5888,2014-02-07,2014-02-14,2014-02-09,8,2.548928082459243,2.079115749523938,16.632925996191503,1,Moderate,2,3
5894,5899,2014-02-20,2014-02-25,2014-02-21,6,1.9832990809021407,1.6986058006766676,10.191634804060005,1,Moderate,2,3
5943,5953,2014-04-10,2014-04-20,2014-04-18,11,2.6821175107084017,2.0938639669579016,23.032503636536916,1,Moderate,2,3
5967,5992,2014-05-04,2014-05-29,2014-05-22,26,3.614537141780559,2.4872387370235876,64.66820716261327,2,Strong,2,3
6029,6047,2014-07-05,2014-07-23,2014-07-19,19,3.852561619187007,2.6413356245247233,50.185376865969744,2,Strong,2,3
6244,6251,2015-02-05,2015-02-12,2015-02-09,8,2.3209083049515424,1.891957793996892,15.135662351975135,1,Moderate,2,3
6388,6393,2015-06-29,2015-07-04,2015-07-02,6,3.0873549373108773,2.4872920874426696,14.923752524656017,1,Moderate,2,3
6494,6540,2015-10-13,2015-11-28,2015-11-05,47,4.514418558435578,2.8838943324856534,135.54303362682572,2,Strong,2,3
6577,6592,2016-01-04,2016-01-19,2016-01-07,16,3.8189709004844357,2.3696149967646174,37.91383994823388,2,Strong,2,3
6825,6835,2016-09-08,2016-09-18,2016-09-16,11,3.3403482966093634,2.6174273315717174,28.79170064728889,1,Moderate,2,3
6840,6878,2016-09-23,2016-10-31,2016-10-02,39,5.022606494919547,3.314375709455875,129.26065266877913,2,Strong,2,3
7383,7387,2018-03-20,2018-03-24,2018-03-23,5,1.9063521747279797,1.6587049920204855,8.293524960102427,1,Moderate,2,3
7622,7657,2018-11-14,2018-12-19,2018-12-01,36,4.497606461561524,2.6106415929272675,93.98309734538162,3,Severe,2,3
7690,7703,2019-01-21,2019-02-03,2019-02-01,14,2.7552300887072345,1.9153498698310085,26.81489817763412,1,Moderate,2,3
7837,7856,2019-06-17,2019-07-06,2019-06-26,20,3.6735263355881003,2.874246290939543,57.48492581879086,1,Moderate,2,3
7910,7926,2019-08-29,2019-09-14,2019-09-12,17,3.273307605449265,2.4799854056243875,42.15975189561459,1,Moderate,2,3
8201,8209,2020-06-15,2020-06-23,2020-06-19,9,3.112393811873101,2.4107258505808264,21.696532655227436,1,Moderate,2,3
8359,8375,2020-11-20,2020-12-06,2020-12-01,17,2.9324108756850897,2.3103268924760094,39.275557172092164,1,Moderate,2,3
8430,8449,2021-01-30,2021-02-18,2021-02-09,20,2.6757129658985566,1.9356787172808751,38.7135743456175,1,Moderate,2,3
8464,8475,2021-03-05,2021-03-16,2021-03-10,12,2.6655627394997747,2.0395038010113096,24.474045612135715,1,Moderate,2,3
8501,8505,2021-04-11,2021-04-15,2021-04-13,5,2.3500864500075593,1.848259718387959,9.241298591939795,1,Moderate,2,3
8586,8600,2021-07-05,2021-07-19,2021-07-10,15,3.359771797897057,2.8779117246165837,43.16867586924876,1,Moderate,2,3
8628,8638,2021-08-16,2021-08-26,2021-08-17,11,2.3246554151724865,1.9503590025667832,21.453949028234614,1,Moderate,2,3
8810,8819,2022-02-14,2022-02-23,2022-02-22,10,3.3490096365499955,2.13134964653634,21.3134964653634,2,Strong,2,3
8823,8830,2022-02-27,2022-03-06,2022-03-04,8,3.095170692366903,2.422664561270417,19.381316490163336,2,Strong,2,3
8838,8848,2022-03-14,2022-03-24,2022-03-18,11,2.3264547108133335,1.8559983768626607,20.415982145489266,1,Moderate,2,3
8944,8954,2022-06-28,2022-07-08,2022-06-30,11,3.20999040376115,2.7143294633323674,29.85762409665604,1,Moderate,2,3
9185,9214,2023-02-24,2023-03-25,2023-03-06,30,4.3101420671331905,2.521000510951603,75.6300153285481,3,Severe,2,3
9467,9472,2023-12-03,2023-12-08,2023-12-04,6,2.729678418672206,2.1921114679636617,13.152668807781971,1,Moderate,2,3
121,145,1998-05-02,1998-05-26,1998-05-13,25,3.5146522017777677,2.738176087942469,68.45440219856172,1,Moderate,2,4
174,179,1998-06-24,1998-06-29,1998-06-26,6,3.2280823205574762,2.5199987778812947,15.119992667287768,2,Strong,2,4
554,562,1999-07-09,1999-07-17,1999-07-12,9,3.429985194900212,2.608941709458208,23.48047538512387,2,Strong,2,4
1044,1054,2000-11-10,2000-11-20,2000-11-17,11,3.8655240427302466,2.864010191138039,31.50411210251843,2,Strong,2,4
1200,1212,2001-04-15,2001-04-27,2001-04-22,13,3.070759503116843,2.523223613312886,32.80190697306752,1,Moderate,2,4
1668,1683,2002-07-27,2002-08-11,2002-08-06,16,3.739311048669901,2.8069515253687505,44.91122440590001,1,Moderate,2,4
1752,1759,2002-10-19,2002-10-26,2002-10-24,8,3.6434087238306585,3.221312554671331,25.770500437370647,2,Strong,2,4
1763,1781,2002-10-30,2002-11-17,2002-11-02,19,4.2678048788337986,3.01762683877427,57.33490993671113,2,Strong,2,4
1805,1885,2002-12-11,2003-03-01,2003-01-20,81,5.8483681046584035,3.673504989194943,297.5539041247904,3,Severe,2,4
2256,2268,2004-03-06,2004-03-18,2004-03-13,13,5.041481721811321,3.689022178533229,47.95728832093198,2,Strong,2,4
2382,2387,2004-07-10,2004-07-15,2004-07-14,6,2.245762416769569,1.820707624562992,10.924245747377952,1,Moderate,2,4
2708,2716,2005-06-01,2005-06-09,2005-06-03,9,3.0198619820074875,2.5684567544154806,23.116110789739327,1,Moderate,2,4
2902,2929,2005-12-12,2006-01-08,2006-01-07,28,3.1098996214569308,2.3811984384514666,66.67355627664107,1,Moderate,2,4
3033,3040,2006-04-22,2006-04-29,2006-04-26,8,2.844031797336857,2.5470817207650627,20.3766537661205,1,Moderate,2,4
3077,3081,2006-06-05,2006-06-09,2006-06-07,5,2.7706531689978426,2.3136731763830456,11.568365881915227,1,Moderate,2,4
3256,3270,2006-12-01,2006-12-15,2006-12-06,15,3.1208016321837615,2.527249701299424,37.90874551949136,1,Moderate,2,4
3421,3425,2007-05-15,2007-05-19,2007-05-17,5,2.313214313265018,2.06023717850982,10.3011858925491,1,Moderate,2,4
3581,3587,2007-10-22,2007-10-28,2007-10-23,7,2.6600056087786044,2.323802309037999,16.266616163265994,1,Moderate,2,4
3592,3597,2007-11-02,2007-11-07,2007-11-03,6,2.5926425546304213,2.3925467074791684,14.35528024487501,1,Moderate,2,4
3798,3802,2008-05-26,2008-05-30,2008-05-26,5,2.113309244742041,1.8908589263185,9.4542946315925,1,Moderate,2,4
3901,3908,2008-09-06,2008-09-13,2008-09-08,8,3.3353889004516404,2.673434448258473,21.387475586067783,1,Moderate,2,4
3912,3916,2008-09-17,2008-09-21,2008-09-18,5,2.7931761777838098,2.4052717973798132,12.026358986899066,1,Moderate,2,4
4190,4205,2009-06-22,2009-07-07,2009-06-29,16,3.841160717576905,2.810730489690666,44.97168783505066,2,Strong,2,4
4225,4246,2009-07-27,2009-08-17,2009-08-04,22,4.4313390804011945,2.8856562600659497,63.484437721450895,2,Strong,2,4
4438,4450,2010-02-25,2010-03-09,2010-03-02,13,3.3991840634290273,2.6353666557354662,34.25976652456106,1,Moderate,2,4
4619,4627,2010-08-25,2010-09-02,2010-08-30,9,2.973468219962079,2.492491371557142,22.43242234401428,1,Moderate,2,4
4890,4912,2011-05-23,2011-06-14,2011-06-07,23,3.15555851308725,2.3430364785913187,53.88983900760033,2,Strong,2,4
5214,5219,2012-04-11,2012-04-16,2012-04-15,6,2.461434163561737,2.2022137696824284,13.21328261809457,1,Moderate,2,4
5544,5550,2013-03-07,2013-03-13,2013-03-08,7,2.4786196317948104,2.1496946240694745,15.047862368486323,1,Moderate,2,4
5557,5562,2013-03-20,2013-03-25,2013-03-22,6,2.6480370002659352,2.0110455161972327,12.066273097183396,1,Moderate,2,4
5740,5745,2013-09-19,2013-09-24,2013-09-20,6,3.1873598681583672,2.7523565046368534,16.51413902782112,1,Moderate,2,4
6008,6017,2014-06-14,2014-06-23,2014-06-18,10,2.403896076809769,2.0808891177686606,20.808891177686604,1,Moderate,2,4
6108,6112,2014-09-22,2014-09-26,2014-09-24,5,3.1870397992491526,2.514786018468674,12.573930092343371,1,Moderate,2,4
6227,6231,2015-01-19,2015-01-23,2015-01-21,5,2.896029018404759,2.3234343904164043,11.617171952082021,1,Moderate,2,4
6287,6323,2015-03-20,2015-04-25,2015-04-12,37,4.819581132315294,3.092546747343929,114.42422965172537,2,Strong,2,4
6448,6473,2015-08-28,2015-09-22,2015-09-03,26,3.93137005552094,2.73373370576522,71.07707634989572,2,Strong,2,4
6647,6651,2016-03-14,2016-03-18,2016-03-16,5,2.5009420912966274,2.3299053462671213,11.649526731335607,1,Moderate,2,4
6842,6869,2016-09-25,2016-10-22,2016-10-10,28,4.881551935983683,3.2620041658922254,91.33611664498231,3,Severe,2,4
7144,7156,2017-07-24,2017-08-05,2017-08-01,13,3.7196480887740897,2.5832912936124406,33.58278681696173,1,Moderate,2,4
7380,7384,2018-03-17,2018-03-21,2018-03-19,5,2.7875710493457984,2.1132427504407296,10.566213752203648,1,Moderate,2,4
7407,7417,2018-04-13,2018-04-23,2018-04-19,11,3.1953132812655696,2.4528085894233245,26.98089448365657,1,Moderate,2,4
7471,7482,2018-06-16,2018-06-27,2018-06-25,12,3.0543419408023347,2.262851578252912,27.154218939034948,2,Strong,2,4
7505,7511,2018-07-20,2018-07-26,2018-07-22,7,3.0625506808163045,2.5023693073037845,17.516585151126492,1,Moderate,2,4
7548,7587,2018-09-01,2018-10-10,2018-09-22,40,4.027291485490057,3.026335916848584,121.05343667394337,2,Strong,2,4
7601,7605,2018-10-24,2018-10-28,2018-10-28,5,2.932683227638311,2.425950463178638,12.129752315893189,1,Moderate,2,4
7619,7626,2018-11-11,2018-11-18,2018-11-15,8,2.6157504900899013,2.2773591630928918,18.218873304743134,1,Moderate,2,4
7725,7763,2019-02-25,2019-04-04,2019-03-21,39,5.01247346149569,3.1655404791122446,123.45607868537753,2,Strong,2,4
7806,7811,2019-05-17,2019-05-22,2019-05-21,6,3.024297369485822,2.3730658368839914,14.238395021303948,1,Moderate,2,4
7974,7989,2019-11-01,2019-11-16,2019-11-09,16,4.532875287938209,3.1917831427193395,51.06853028350943,2,Strong,2,4
7996,8009,2019-11-23,2019-12-06,2019-11-24,14,3.3491980114734954,2.6943384749351416,37.720738649091984,1,Moderate,2,4
8054,8068,2020-01-20,2020-02-03,2020-01-28,15,2.98562440698354,2.364947040419227,35.47420560628841,1,Moderate,2,4
8101,8106,2020-03-07,2020-03-12,2020-03-08,6,2.214068843000277,2.0333674142875853,12.20020448572551,1,Moderate,2,4
8123,8143,2020-03-29,2020-04-18,2020-04-04,21,3.304222282026524,2.4077626827633787,50.563016338030955,2,Strong,2,4
8232,8253,2020-07-16,2020-08-06,2020-07-27,22,3.806636662340484,2.6815612323905436,58.99434711259196,1,Moderate,2,4
8438,8462,2021-02-07,2021-03-03,2021-02-18,25,3.2657530332796245,2.345554678373876,58.638866959346906,2,Strong,2,4
8490,8496,2021-03-31,2021-04-06,2021-04-02,7,2.710992007091539,2.340057354199335,16.380401479395346,1,Moderate,2,4
8661,8680,2021-09-18,2021-10-07,2021-09-21,20,3.4580433428751505,2.9615653653414937,59.231307306829876,2,Strong,2,4
8767,8772,2022-01-02,2022-01-07,2022-01-03,6,2.6288987444883603,2.247316261245138,13.483897567470828,1,Moderate,2,4
8780,8790,2022-01-15,2022-01-25,2022-01-16,11,2.1518080037342706,1.7641181925925196,19.405300118517715,1,Moderate,2,4
9398,9412,2023-09-25,2023-10-09,2023-10-04,15,2.985069705624621,2.54608045260874,38.1912067891311,1,Moderate,2,4
9446,9463,2023-11-12,2023-11-29,2023-11-23,18,3.318680228305279,2.6235063043014026,47.22311347742525,1,Moderate,2,4
80,86,1998-03-22,1998-03-28,1998-03-24,7,2.7132910948731315,2.2721500511259127,15.905050357881388,1,Moderate,2,5
96,106,1998-04-07,1998-04-17,1998-04-12,11,3.3460096515447706,2.37270806798651,26.09978874785161,1,Moderate,2,5
723,728,1999-12-25,1999-12-30,1999-12-29,6,3.005503245721046,2.3850477663739285,14.31028659824357,1,Moderate,2,5
936,948,2000-07-25,2000-08-06,2000-08-02,13,2.876631328357675,2.21812297285659,28.83559864713567,1,Moderate,2,5
1251,1286,2001-06-05,2001-07-10,2001-06-14,36,4.106464224062641,3.0715628869461744,110.57626393006228,2,Strong,2,5
1674,1678,2002-08-02,2002-08-06,2002-08-05,5,2.4991131416027947,2.3303639582054236,11.651819791027119,1,Moderate,2,5
1714,1719,2002-09-11,2002-09-16,2002-09-15,6,2.45926701918545,2.008971578344351,12.053829470066106,1,Moderate,2,5
1739,1746,2002-10-06,2002-10-13,2002-10-09,8,2.128159143243259,1.663412853158639,13.307302825269112,1,Moderate,2,5
1855,1861,2003-01-30,2003-02-05,2003-02-03,7,3.011119368141081,2.577068597451959,18.039480182163715,1,Moderate,2,5
1870,1874,2003-02-14,2003-02-18,2003-02-16,5,2.042366653717524,1.9379313670635088,9.689656835317544,1,Moderate,2,5
1883,1891,2003-02-27,2003-03-07,2003-03-01,9,2.572932658837942,2.1486525423763974,19.337872881387575,1,Moderate,2,5
2086,2093,2003-09-18,2003-09-25,2003-09-20,8,2.166021333429107,1.9550081641579857,15.640065313263886,1,Moderate,2,5
2230,2236,2004-02-09,2004-02-15,2004-02-12,7,2.8336696088391697,2.326859328209823,16.28801529746876,1,Moderate,2,5
2487,2492,2004-10-23,2004-10-28,2004-10-25,6,1.9423935829727785,1.7087578471458107,10.252547082874864,1,Moderate,2,5
2985,2993,2006-03-05,2006-03-13,2006-03-09,9,3.1737484758754153,2.551196041121864,22.960764370096776,2,Strong,2,5
3147,3151,2006-08-14,2006-08-18,2006-08-17,5,2.783751645916883,2.143325795153813,10.716628975769066,1,Moderate,2,5
3179,3185,2006-09-15,2006-09-21,2006-09-17,7,2.7394579365408163,2.1688667960952275,15.182067572666593,1,Moderate,2,5
3712,3718,2008-03-01,2008-03-07,2008-03-02,7,2.5386411162009512,2.165724159793188,15.160069118552316,1,Moderate,2,5
3754,3766,2008-04-12,2008-04-24,2008-04-18,13,2.8593199081514236,2.1061147776754625,27.379492109781012,1,Moderate,2,5
3778,3793,2008-05-06,2008-05-21,2008-05-07,16,3.5631326469005664,2.280010760259894,36.480172164158304,2,Strong,2,5
3825,3835,2008-06-22,2008-07-02,2008-06-25,11,3.093569446783839,2.5663350808733765,28.229685889607143,1,Moderate,2,5
4581,4598,2010-07-18,2010-08-04,2010-07-22,18,3.424366166032293,2.4948275841925116,44.906896515465206,2,Strong,2,5
4719,4726,2010-12-03,2010-12-10,2010-12-08,8,2.7349004161817394,2.0827392815855212,16.66191425268417,1,Moderate,2,5
4759,4769,2011-01-12,2011-01-22,2011-01-19,11,3.449293983492076,2.713992996689876,29.853922963588637,2,Strong,2,5
4841,4852,2011-04-04,2011-04-15,2011-04-08,12,2.78301052613374,2.2590149432929625,27.10817931951555,1,Moderate,2,5
4861,4873,2011-04-24,2011-05-06,2011-04-26,13,2.6581921795061803,2.0506899460831125,26.65896929908046,1,Moderate,2,5
4877,4888,2011-05-10,2011-05-21,2011-05-17,12,3.243945100079287,2.3522997137827075,28.22759656539249,2,Strong,2,5
4984,5004,2011-08-25,2011-09-14,2011-08-30,21,3.7666360056554105,3.0516635528620917,64.08493461010393,2,Strong,2,5
5138,5147,2012-01-26,2012-02-04,2012-01-31,10,2.714764575866173,2.1120686520536234,21.120686520536232,1,Moderate,2,5
5343,5355,2012-08-18,2012-08-30,2012-08-25,13,3.2281602596202426,2.4634416058903006,32.02474087657391,2,Strong,2,5
5641,5648,2013-06-12,2013-06-19,2013-06-14,8,2.842855346711765,2.4176020310229833,19.340816248183867,1,Moderate,2,5
5780,5797,2013-10-29,2013-11-15,2013-11-10,18,2.7865665555489993,2.124090071940276,38.23362129492497,1,Moderate,2,5
5894,5904,2014-02-20,2014-03-02,2014-02-23,11,2.83709605420942,2.2592982060331597,24.852280266364758,1,Moderate,2,5
6209,6219,2015-01-01,2015-01-11,2015-01-03,11,3.412765853766901,2.468823719101538,27.157060910116915,2,Strong,2,5
6369,6375,2015-06-10,2015-06-16,2015-06-13,7,3.002868013487028,2.528078991835542,17.696552942848793,1,Moderate,2,5
6384,6392,2015-06-25,2015-07-03,2015-06-29,9,2.9031859076503217,2.368764307582224,21.318878768240015,1,Moderate,2,5
6525,6529,2015-11-13,2015-11-17,2015-11-17,5,2.4873988251516455,2.0937851961715563,10.468925980857781,1,Moderate,2,5
6776,6782,2016-07-21,2016-07-27,2016-07-26,7,2.8417191063408715,2.340858556137938,16.386009892965564,1,Moderate,2,5
6809,6813,2016-08-23,2016-08-27,2016-08-25,5,1.7179358829316627,1.6340639171311444,8.170319585655722,1,Moderate,2,5
7139,7145,2017-07-19,2017-07-25,2017-07-22,7,2.7326181070301914,2.0478762921676728,14.33513404517371,1,Moderate,2,5
7244,7264,2017-11-01,2017-11-21,2017-11-17,21,3.9036959171297188,2.664964193037626,55.96424805379015,2,Strong,2,5
7294,7309,2017-12-21,2018-01-05,2018-01-01,16,3.1866121612882807,2.170194740814821,34.723115853037136,2,Strong,2,5
7430,7436,2018-05-06,2018-05-12,2018-05-07,7,2.3871868330445913,2.164611491645755,15.152280441520286,1,Moderate,2,5
7498,7510,2018-07-13,2018-07-25,2018-07-18,13,3.4359487749973603,2.4385187614935586,31.700743899416263,2,Strong,2,5
7524,7531,2018-08-08,2018-08-15,2018-08-13,8,2.521588114346404,2.282265991204471,18.25812792963577,1,Moderate,2,5
7553,7557,2018-09-06,2018-09-10,2018-09-09,5,2.244815449080889,1.803163453004106,9.01581726502053,1,Moderate,2,5
7689,7740,2019-01-20,2019-03-12,2019-02-13,52,4.880140389651462,3.1573979421547844,164.18469299204878,2,Strong,2,5
7836,7874,2019-06-16,2019-07-24,2019-06-27,39,3.1081594011327383,2.2249615511628273,86.77350049535026,1,Moderate,2,5
7879,7885,2019-07-29,2019-08-04,2019-08-02,7,2.8733082162155803,2.1792144381265968,15.254501066886178,1,Moderate,2,5
8125,8132,2020-03-31,2020-04-07,2020-04-05,8,2.121758581270072,1.8891323817299592,15.113059053839674,1,Moderate,2,5
8224,8276,2020-07-08,2020-08-29,2020-07-23,53,4.767411062029751,3.056769104703438,162.0087625492822,2,Strong,2,5
8285,8291,2020-09-07,2020-09-13,2020-09-09,7,2.9710888958324304,2.1642580735854997,15.149806515098497,1,Moderate,2,5
8380,8391,2020-12-11,2020-12-22,2020-12-17,12,3.1907702497936317,2.534030920574822,30.408371046897866,2,Strong,2,5
8417,8423,2021-01-17,2021-01-23,2021-01-21,7,2.6174522575146213,2.0187504959481855,14.131253471637297,1,Moderate,2,5
8442,8448,2021-02-11,2021-02-17,2021-02-14,7,2.2936030220301795,2.030457561735085,14.213202932145595,1,Moderate,2,5
8455,8459,2021-02-24,2021-02-28,2021-02-27,5,2.3162546681732135,2.0112088463570967,10.056044231785483,1,Moderate,2,5
8474,8554,2021-03-15,2021-06-03,2021-04-28,81,6.867148575026537,4.003081126720953,324.24957126439716,4,Extreme,2,5
8892,8925,2022-05-07,2022-06-09,2022-05-22,34,4.641984262110981,3.3377248833379713,113.48264603349102,3,Severe,2,5
8947,9012,2022-07-01,2022-09-04,2022-08-04,66,7.207383489107933,5.114420544354596,337.55175592740335,4,Extreme,2,5
9017,9036,2022-09-09,2022-09-28,2022-09-18,20,2.8852353140558904,2.1101950442364767,42.203900884729535,1,Moderate,2,5
9182,9199,2023-02-21,2023-03-10,2023-02-25,18,2.573446781967114,2.0075867206789506,36.13656097222111,1,Moderate,2,5
9209,9259,2023-03-20,2023-05-09,2023-04-10,51,4.9823298233119395,3.168680174474779,161.60268889821373,2,Strong,2,5
9263,9276,2023-05-13,2023-05-26,2023-05-15,14,2.6188277211461646,2.1820651968610454,30.548912756054637,1,Moderate,2,5
125,132,1998-05-06,1998-05-13,1998-05-09,8,2.8304272329484164,2.358164586834685,18.86531669467748,1,Moderate,3,0
165,169,1998-06-15,1998-06-19,1998-06-16,5,3.0962060293795233,2.501039861566911,12.505199307834555,1,Moderate,3,0
351,357,1998-12-18,1998-12-24,1998-12-20,7,4.35452567680265,3.1310022051292092,21.917015435904464,2,Strong,3,0
602,634,1999-08-26,1999-09-27,1999-09-15,33,4.463480156230503,3.165560267917853,104.46348884128915,2,Strong,3,0
671,683,1999-11-03,1999-11-15,1999-11-10,13,3.2907643556343107,2.5073288033336927,32.595274443338006,1,Moderate,3,0
1029,1033,2000-10-26,2000-10-30,2000-10-29,5,2.1366586708635165,1.939078616060098,9.695393080300489,1,Moderate,3,0
1655,1665,2002-07-14,2002-07-24,2002-07-23,11,3.5186217074371378,2.877381033645075,31.651191370095823,1,Moderate,3,0
1683,1695,2002-08-11,2002-08-23,2002-08-21,13,3.2893327524281553,2.4485816173067194,31.83156102498735,2,Strong,3,0
2048,2053,2003-08-11,2003-08-16,2003-08-12,6,2.861695226383329,2.13121715966958,12.78730295801748,1,Moderate,3,0
2827,2839,2005-09-28,2005-10-10,2005-10-02,13,3.6879583914597696,2.679195071411715,34.8295359283523,1,Moderate,3,0
2969,2974,2006-02-17,2006-02-22,2006-02-20,6,2.4645147437367214,1.9739970952841321,11.843982571704792,1,Moderate,3,0
3195,3202,2006-10-01,2006-10-08,2006-10-04,8,2.7997924634692097,2.2224200356765014,17.77936028541201,1,Moderate,3,0
3367,3383,2007-03-22,2007-04-07,2007-04-02,17,4.132261434496149,2.9678328764482047,50.45315889961948,2,Strong,3,0
3735,3741,2008-03-24,2008-03-30,2008-03-27,7,3.346184868391001,2.703665240916628,18.925656686416396,1,Moderate,3,0
3907,3927,2008-09-12,2008-10-02,2008-09-19,21,2.9941669205397794,2.5471152898113707,53.48942108603879,1,Moderate,3,0
4106,4135,2009-03-30,2009-04-28,2009-04-11,30,5.766649872396751,4.486704670227992,134.60114010683975,4,Extreme,3,0
4340,4345,2009-11-19,2009-11-24,2009-11-19,6,2.330782921356114,2.0751319310631593,12.450791586378957,1,Moderate,3,0
4353,4358,2009-12-02,2009-12-07,2009-12-03,6,2.255073303232365,2.0120064643946414,12.072038786367848,1,Moderate,3,0
4430,4434,2010-02-17,2010-02-21,2010-02-19,5,2.1230771686577654,1.8624469322839297,9.312234661419648,1,Moderate,3,0
4442,4447,2010-03-01,2010-03-06,2010-03-04,6,2.683359503386221,2.3087654866756675,13.852592920054006,1,Moderate,3,0
4501,4520,2010-04-29,2010-05-18,2010-05-05,20,4.312304856942912,3.0391475900013107,60.78295180002621,2,Strong,3,0
4981,4986,2011-08-22,2011-08-27,2011-08-23,6,2.338693628785901,2.188827725579047,13.13296635347428,1,Moderate,3,0
5030,5120,2011-10-10,2012-01-08,2011-11-14,91,4.201802046490245,2.529980858169065,230.22825809338488,2,Strong,3,0
5181,5199,2012-03-09,2012-03-27,2012-03-19,19,3.7018845338774735,2.70344121898345,51.365383160685546,1,Moderate,3,0
5256,5335,2012-05-23,2012-08-10,2012-06-27,80,7.291631834661118,4.510757280613921,360.8605824491137,3,Severe,3,0
5486,5503,2013-01-08,2013-01-25,2013-01-16,18,2.5841548759200386,2.1279962025371173,38.30393164566811,1,Moderate,3,0
5511,5519,2013-02-02,2013-02-10,2013-02-06,9,2.693568089855244,1.8246812238949748,16.422131015054774,2,Strong,3,0
5672,5678,2013-07-13,2013-07-19,2013-07-17,7,2.814528307651724,2.4354483881752347,17.048138717226642,1,Moderate,3,0
6008,6016,2014-06-14,2014-06-22,2014-06-20,9,2.8033700271963546,2.473426891541427,22.26084202387284,1,Moderate,3,0
6416,6423,2015-07-27,2015-08-03,2015-07-29,8,3.181646478133267,2.717739820668809,21.74191856535047,1,Moderate,3,0
6550,6555,2015-12-08,2015-12-13,2015-12-11,6,3.2981111776645164,2.6136239527392804,15.681743716435681,1,Moderate,3,0
7159,7163,2017-08-08,2017-08-12,2017-08-08,5,2.347070776942598,2.121059587161221,10.605297935806103,1,Moderate,3,0
7353,7367,2018-02-18,2018-03-04,2018-02-26,15,2.638605412551195,2.2357837329840766,33.53675599476115,1,Moderate,3,0
7371,7376,2018-03-08,2018-03-13,2018-03-10,6,3.0612239463407622,2.3825305454558356,14.295183272735015,1,Moderate,3,0
7423,7432,2018-04-29,2018-05-08,2018-05-06,10,3.513899413099253,2.5354233525794574,25.354233525794573,2,Strong,3,0
7463,7491,2018-06-08,2018-07-06,2018-06-18,29,5.029960068470363,3.519616639087013,102.06888253352338,2,Strong,3,0
7684,7689,2019-01-15,2019-01-20,2019-01-18,6,1.984057865574501,1.7860612809465939,10.716367685679563,1,Moderate,3,0
7774,7789,2019-04-15,2019-04-30,2019-04-22,16,2.8102695268051683,1.994479837233005,31.91167739572808,2,Strong,3,0
8148,8207,2020-04-23,2020-06-21,2020-05-21,60,7.947437974700108,4.806642035561029,288.39852213366174,4,Extreme,3,0
8438,8443,2021-02-07,2021-02-12,2021-02-09,6,2.6766621568294493,1.7189490826452873,10.313694495871724,2,Strong,3,0
8620,8625,2021-08-08,2021-08-13,2021-08-10,6,2.8415515676815026,2.3257193828750284,13.95431629725017,1,Moderate,3,0
8755,8782,2021-12-21,2022-01-17,2021-12-31,28,3.381150229745254,2.7254799669899845,76.31343907571957,2,Strong,3,0
8816,8822,2022-02-20,2022-02-26,2022-02-24,7,2.8863274094117877,2.3921252298845266,16.744876609191685,2,Strong,3,0
8877,8883,2022-04-22,2022-04-28,2022-04-25,7,2.5842805515425624,1.933271751885251,13.532902263196757,1,Moderate,3,0
9079,9084,2022-11-10,2022-11-15,2022-11-14,6,2.7154827732173334,2.297336296248819,13.784017777492913,1,Moderate,3,0
9094,9109,2022-11-25,2022-12-10,2022-12-08,16,3.1895018281474474,2.530103102373845,40.48164963798152,1,Moderate,3,0
9163,9172,2023-02-02,2023-02-11,2023-02-07,10,2.2466254147776574,1.7449272792508999,17.449272792509,1,Moderate,3,0
9196,9201,2023-03-07,2023-03-12,2023-03-09,6,3.6806374204690346,2.7294617707872235,16.376770624723342,2,Strong,3,0
43,51,1998-02-13,1998-02-21,1998-02-18,9,3.064293046384206,2.3883172359008094,21.494855123107286,1,Moderate,3,1
438,443,1999-03-15,1999-03-20,1999-03-17,6,1.981976652183647,1.8109086515288917,10.86545190917335,1,Moderate,3,1
1134,1155,2001-02-08,2001-03-01,2001-02-11,22,3.454559598343044,2.5079136731937934,55.174100810263454,2,Strong,3,1
1224,1239,2001-05-09,2001-05-24,2001-05-15,16,2.925665144798682,2.1694556998643817,34.71129119783011,1,Moderate,3,1
1245,1249,2001-05-30,2001-06-03,2001-06-01,5,2.3719423121038155,2.0047395301858293,10.023697650929147,1,Moderate,3,1
1666,1680,2002-07-25,2002-08-08,2002-08-01,15,2.5828265454529244,2.1180907520999805,31.771361281499708,1,Moderate,3,1
1981,1985,2003-06-05,2003-06-09,2003-06-07,5,2.239524486653444,1.9011580388647396,9.505790194323698,1,Moderate,3,1
1991,1999,2003-06-15,2003-06-23,2003-06-21,9,2.62955185421243,2.2064773354757454,19.85829601928171,1,Moderate,3,1
2141,2148,2003-11-12,2003-11-19,2003-11-13,8,2.816209984161217,2.2828893384334146,18.263114707467317,1,Moderate,3,1
2301,2305,2004-04-20,2004-04-24,2004-04-21,5,2.439369391498424,2.0608853038110952,10.304426519055475,1,Moderate,3,1
2309,2314,2004-04-28,2004-05-03,2004-05-01,6,1.8068982074915425,1.6133475976798348,9.68008558607901,1,Moderate,3,1
2332,2338,2004-05-21,2004-05-27,2004-05-23,7,2.5238289338456426,2.0551214658893286,14.3858502612253,1,Moderate,3,1
2476,2480,2004-10-12,2004-10-16,2004-10-12,5,2.2195026484182563,1.8972744798432195,9.486372399216098,1,Moderate,3,1
2507,2513,2004-11-12,2004-11-18,2004-11-14,7,2.6488816168829192,2.004143036795647,14.02900125756953,1,Moderate,3,1
2598,2607,2005-02-11,2005-02-20,2005-02-19,10,3.237442234285437,2.526527716478282,25.26527716478282,1,Moderate,3,1
2691,2698,2005-05-15,2005-05-22,2005-05-17,8,3.092494055516589,2.5137116081812434,20.109692865449947,2,Strong,3,1
2708,2718,2005-06-01,2005-06-11,2005-06-05,11,2.2799951260870372,1.9732788048586973,21.70606685344567,1,Moderate,3,1
2774,2807,2005-08-06,2005-09-08,2005-08-22,34,5.00344580324505,3.474508825429435,118.1333000646008,2,Strong,3,1
2969,2973,2006-02-17,2006-02-21,2006-02-19,5,2.1743699222311683,2.0218042909227947,10.109021454613973,1,Moderate,3,1
3211,3223,2006-10-17,2006-10-29,2006-10-25,13,3.4967210489213922,2.356627520741043,30.636157769633563,2,Strong,3,1
3374,3378,2007-03-29,2007-04-02,2007-03-30,5,2.1178897043429146,1.7674680864569616,8.837340432284808,1,Moderate,3,1
3469,3480,2007-07-02,2007-07-13,2007-07-12,12,2.917406616789993,2.195668960487352,26.348027525848224,2,Strong,3,1
3657,3661,2008-01-06,2008-01-10,2008-01-10,5,2.1431796329940394,1.8256084967276667,9.128042483638334,1,Moderate,3,1
3951,3958,2008-10-26,2008-11-02,2008-10-30,8,2.594803253407287,2.145185079072861,17.161480632582887,1,Moderate,3,1
4027,4036,2009-01-10,2009-01-19,2009-01-12,10,2.5039730142502687,2.064776367474497,20.647763674744972,1,Moderate,3,1
4134,4140,2009-04-27,2009-05-03,2009-05-02,7,2.629305821215336,2.1331472506873377,14.932030754811365,1,Moderate,3,1
4722,4731,2010-12-06,2010-12-15,2010-12-13,10,2.764765502642014,2.159601069852484,21.59601069852484,1,Moderate,3,1
4851,4855,2011-04-14,2011-04-18,2011-04-16,5,2.026444735746038,1.779238525262428,8.896192626312141,1,Moderate,3,1
4944,4950,2011-07-16,2011-07-22,2011-07-20,7,2.691634854475115,2.053080915189067,14.37156640632347,1,Moderate,3,1
5008,5025,2011-09-18,2011-10-05,2011-09-25,18,4.669535484981743,2.998891642662668,53.98004956792802,3,Severe,3,1
5261,5265,2012-05-28,2012-06-01,2012-05-28,5,3.0452735007975527,2.443913881745247,12.219569408726233,1,Moderate,3,1
5286,5295,2012-06-22,2012-07-01,2012-06-27,10,2.942060862872964,2.1923761969047133,21.923761969047135,2,Strong,3,1
5346,5359,2012-08-21,2012-09-03,2012-08-30,14,3.1569486225278958,2.252642401590654,31.536993622269154,1,Moderate,3,1
5370,5378,2012-09-14,2012-09-22,2012-09-19,9,2.9567698081805105,2.387555783546892,21.48800205192203,2,Strong,3,1
5795,5803,2013-11-13,2013-11-21,2013-11-17,9,2.5901683106862503,2.2128378196217438,19.915540376595693,1,Moderate,3,1
5841,5852,2013-12-29,2014-01-09,2014-01-08,12,3.149150209512719,1.9927204831467265,23.912645797760717,1,Moderate,3,1
5926,5943,2014-03-24,2014-04-10,2014-03-26,18,3.259352619094546,2.367621138697464,42.617180496554354,2,Strong,3,1
6058,6063,2014-08-03,2014-08-08,2014-08-04,6,2.1996473431784054,1.7526270850615748,10.515762510369449,1,Moderate,3,1
6074,6083,2014-08-19,2014-08-28,2014-08-23,10,3.2618729452498094,2.543428091664528,25.434280916645278,1,Moderate,3,1
6110,6140,2014-09-24,2014-10-24,2014-10-03,31,3.6615525523442187,2.3310906195583945,72.26380920631023,2,Strong,3,1
6273,6287,2015-03-06,2015-03-20,2015-03-08,15,3.359743026075961,2.565385202404561,38.480778036068415,1,Moderate,3,1
6414,6424,2015-07-25,2015-08-04,2015-07-28,11,3.0059487754827394,2.1651941385984412,23.817135524582852,2,Strong,3,1
6768,6775,2016-07-13,2016-07-20,2016-07-17,8,2.62756642286109,2.2802770240114154,18.242216192091323,1,Moderate,3,1
6902,6918,2016-11-24,2016-12-10,2016-12-01,17,3.4290443470388965,2.7185817588015397,46.21588989962618,2,Strong,3,1
6930,6947,2016-12-22,2017-01-08,2016-12-30,18,2.9419583122619386,2.2783389279441133,41.01010070299404,1,Moderate,3,1
7337,7341,2018-02-02,2018-02-06,2018-02-03,5,2.274606617059961,2.0265444365596674,10.132722182798338,1,Moderate,3,1
7397,7403,2018-04-03,2018-04-09,2018-04-06,7,2.2676706865861345,1.72899271970366,12.10294903792562,1,Moderate,3,1
7503,7545,2018-07-18,2018-08-29,2018-08-09,43,4.860122759397438,3.1919972318561793,137.2558809698157,3,Severe,3,1
7904,7929,2019-08-23,2019-09-17,2019-09-02,26,4.43628312958052,2.987686213481121,77.67984155050914,2,Strong,3,1
7941,7948,2019-09-29,2019-10-06,2019-10-03,8,2.329322215007579,2.0957726252845474,16.76618100227638,1,Moderate,3,1
8013,8038,2019-12-10,2020-01-04,2019-12-26,26,4.1350739485564425,3.064051574950142,79.66534094870369,2,Strong,3,1
8042,8066,2020-01-08,2020-02-01,2020-01-24,25,2.9819061980959862,2.208864449134181,55.221611228354526,2,Strong,3,1
8173,8182,2020-05-18,2020-05-27,2020-05-20,10,3.6061287920023233,2.770682657584319,27.706826575843188,2,Strong,3,1
8189,8195,2020-06-03,2020-06-09,2020-06-07,7,2.639983192935347,2.064013409061011,14.448093863427076,1,Moderate,3,1
8209,8224,2020-06-23,2020-07-08,2020-07-05,16,2.9883861410003867,2.2275258285796573,35.64041325727452,2,Strong,3,1
8289,8293,2020-09-11,2020-09-15,2020-09-13,5,2.47911291463112,1.960026623679184,9.80013311839592,1,Moderate,3,1
8413,8430,2021-01-13,2021-01-30,2021-01-21,18,3.652276706257785,2.5460315410740626,45.828567739333124,2,Strong,3,1
8456,8474,2021-02-25,2021-03-15,2021-03-07,19,3.770631114159455,2.6803616531087817,50.926871409066855,2,Strong,3,1
8605,8623,2021-07-24,2021-08-11,2021-07-28,19,2.5722781304124425,1.9465336336101984,36.98413903859377,1,Moderate,3,1
8672,8677,2021-09-29,2021-10-04,2021-10-03,6,1.9357434747523001,1.8400798722174116,11.04047923330447,1,Moderate,3,1
8688,8694,2021-10-15,2021-10-21,2021-10-19,7,2.3782740686166814,2.0894393443451613,14.626075410416128,1,Moderate,3,1
8698,8705,2021-10-25,2021-11-01,2021-10-27,8,2.5786931428172597,2.03136008878295,16.2508807102636,1,Moderate,3,1
8714,8720,2021-11-10,2021-11-16,2021-11-15,7,2.5279753014795325,2.097100873401435,14.679706113810044,1,Moderate,3,1
8828,8851,2022-03-04,2022-03-27,2022-03-16,24,4.748422546347545,3.468665997268739,83.24798393444973,2,Strong,3,1
8859,8867,2022-04-04,2022-04-12,2022-04-07,9,2.512882775327265,1.96503795782147,17.68534162039323,1,Moderate,3,1
9113,9122,2022-12-14,2022-12-23,2022-12-16,10,2.7321609097851116,2.100163205141741,21.00163205141741,1,Moderate,3,1
9314,9340,2023-07-03,2023-07-29,2023-07-14,27,4.35810139645217,2.6873866039317442,72.55943830615709,3,Severe,3,1
9414,9419,2023-10-11,2023-10-16,2023-10-11,6,2.346061678887917,1.9741564547530146,11.844938728518088,1,Moderate,3,1
9467,9475,2023-12-03,2023-12-11,2023-12-07,9,3.5503277172611423,2.789025746806886,25.101231721261975,2,Strong,3,1
86,90,1998-03-28,1998-04-01,1998-03-29,5,2.2690813821707465,1.7696572534024928,8.848286267012464,1,Moderate,3,2
476,485,1999-04-22,1999-05-01,1999-04-26,10,2.698521381376853,1.8605721841665908,18.605721841665908,1,Moderate,3,2
542,566,1999-06-27,1999-07-21,1999-07-13,25,2.823001997096089,2.120856766539164,53.021419163479095,1,Moderate,3,2
633,637,1999-09-26,1999-09-30,1999-09-28,5,2.4141578101321457,2.1337502386309795,10.668751193154897,1,Moderate,3,2
802,829,2000-03-13,2000-04-09,2000-03-20,28,3.607619384404952,2.4014781462541674,67.24138809511669,2,Strong,3,2
962,972,2000-08-20,2000-08-30,2000-08-24,11,2.454311454815219,2.2106556356067117,24.31721199167383,1,Moderate,3,2
1121,1126,2001-01-26,2001-01-31,2001-01-28,6,2.314363559447415,2.081563460846248,12.489380765077488,1,Moderate,3,2
1281,1286,2001-07-05,2001-07-10,2001-07-06,6,2.623990153031034,2.3011223785944517,13.806734271566711,1,Moderate,3,2
1602,1611,2002-05-22,2002-05-31,2002-05-28,10,4.2201840186321995,2.8619675138336924,28.619675138336923,2,Strong,3,2
1769,1792,2002-11-05,2002-11-28,2002-11-16,24,4.973391963009714,3.533393138828396,84.8014353318815,2,Strong,3,2
2001,2006,2003-06-25,2003-06-30,2003-06-26,6,2.5504018693725996,2.2135636436627397,13.281381861976438,1,Moderate,3,2
2188,2199,2003-12-29,2004-01-09,2004-01-02,12,3.036679104618912,2.400860202663156,28.81032243195787,1,Moderate,3,2
2467,2488,2004-10-03,2004-10-24,2004-10-21,22,3.0017846589093544,2.2016404354014307,48.43608957883148,1,Moderate,3,2
2698,2724,2005-05-22,2005-06-17,2005-06-12,27,3.243539499508678,2.3049782882999033,62.234413784097384,1,Moderate,3,2
2786,2794,2005-08-18,2005-08-26,2005-08-20,9,2.8202236446721223,2.208519666391019,19.876676997519173,1,Moderate,3,2
2972,2981,2006-02-20,2006-03-01,2006-02-24,10,3.683460254726432,3.008489754123258,30.08489754123258,2,Strong,3,2
4260,4265,2009-08-31,2009-09-05,2009-09-01,6,2.4436553692151577,2.1647290687489753,12.988374412493851,1,Moderate,3,2
4363,4376,2009-12-12,2009-12-25,2009-12-20,14,3.1289424424544254,2.600175085391387,36.402451195479415,1,Moderate,3,2
4380,4396,2009-12-29,2010-01-14,2010-01-08,17,3.7492307469928967,2.890891860563295,49.145161629576016,2,Strong,3,2
4653,4672,2010-09-28,2010-10-17,2010-10-10,20,4.500756845504622,2.8032190170485043,56.06438034097009,3,Severe,3,2
4867,4880,2011-04-30,2011-05-13,2011-05-03,14,2.6661802061450643,1.92839676496325,26.997554709485502,1,Moderate,3,2
5359,5367,2012-09-03,2012-09-11,2012-09-06,9,2.5817640591426176,2.1268190567958043,19.141371511162237,1,Moderate,3,2
6004,6012,2014-06-10,2014-06-18,2014-06-12,9,2.658239839552774,2.2554113090045136,20.298701781040624,1,Moderate,3,2
6027,6042,2014-07-03,2014-07-18,2014-07-11,16,3.033437533734464,2.206716443306415,35.30746309290264,1,Moderate,3,2
6047,6056,2014-07-23,2014-08-01,2014-07-25,10,3.195503835181537,2.673041263372558,26.73041263372558,2,Strong,3,2
6060,6076,2014-08-05,2014-08-21,2014-08-16,17,3.868724742525103,2.4130866119827328,41.02247240370646,2,Strong,3,2
6170,6193,2014-11-23,2014-12-16,2014-11-29,24,4.075901676203831,3.014079220184898,72.33790128443755,1,Moderate,3,2
6256,6266,2015-02-17,2015-02-27,2015-02-23,11,3.0560795172112716,2.2912394174040585,25.203633591444643,1,Moderate,3,2
6361,6372,2015-06-02,2015-06-13,2015-06-10,12,3.4784594907143287,2.4705148257555423,29.64617790906651,1,Moderate,3,2
6438,6444,2015-08-18,2015-08-24,2015-08-21,7,2.611570819684136,2.1112365135991253,14.778655595193879,1,Moderate,3,2
6506,6511,2015-10-25,2015-10-30,2015-10-27,6,2.9288165473217287,2.4514419203124955,14.708651521874973,1,Moderate,3,2
6587,6609,2016-01-14,2016-02-05,2016-01-29,23,3.5165177205453357,2.4101545707771037,55.43355512787339,2,Strong,3,2
6625,6640,2016-02-21,2016-03-07,2016-02-25,16,3.18228062636282,2.290093526775671,36.64149642841073,1,Moderate,3,2
6685,6690,2016-04-21,2016-04-26,2016-04-25,6,2.2381603407591193,1.7863738087940486,10.718242852764291,1,Moderate,3,2
6832,6839,2016-09-15,2016-09-22,2016-09-17,8,2.5631001610285473,2.0973910347951668,16.779128278361334,1,Moderate,3,2
6997,7002,2017-02-27,2017-03-04,2017-03-02,6,2.5241385568846457,2.192216554412609,13.153299326475652,1,Moderate,3,2
7055,7063,2017-04-26,2017-05-04,2017-04-27,9,2.7219396185779097,2.142292756116256,19.280634805046304,1,Moderate,3,2
7236,7269,2017-10-24,2017-11-26,2017-10-28,34,3.6261441114532627,2.936868929572526,99.85354360546589,2,Strong,3,2
7357,7363,2018-02-22,2018-02-28,2018-02-26,7,3.3124241798892715,2.6443968268398454,18.51077778787892,1,Moderate,3,2
7374,7390,2018-03-11,2018-03-27,2018-03-18,17,3.1645486343013634,2.426896441774603,41.25723951016825,2,Strong,3,2
7394,7415,2018-03-31,2018-04-21,2018-04-07,22,2.5272663784393927,1.8185030634695765,40.00706739633068,1,Moderate,3,2
7738,7745,2019-03-10,2019-03-17,2019-03-14,8,3.0503088641995255,2.422574674947776,19.380597399582207,2,Strong,3,2
7754,7788,2019-03-26,2019-04-29,2019-04-19,35,3.830545571805871,2.5513384498775644,89.29684574571476,2,Strong,3,2
8256,8260,2020-08-09,2020-08-13,2020-08-11,5,2.8604598939702157,2.311756625254925,11.558783126274626,1,Moderate,3,2
8288,8307,2020-09-10,2020-09-29,2020-09-13,20,2.995289394201137,2.166221489216474,43.32442978432948,1,Moderate,3,2
8331,8343,2020-10-23,2020-11-04,2020-10-29,13,2.4003845581724192,2.1051124141366673,27.366461383776674,1,Moderate,3,2
8593,8607,2021-07-12,2021-07-26,2021-07-18,15,2.855553594350148,2.40993801191223,36.149070178683445,1,Moderate,3,2
8635,8644,2021-08-23,2021-09-01,2021-08-29,10,2.9419263931982726,2.244929736219264,22.44929736219264,1,Moderate,3,2
8655,8661,2021-09-12,2021-09-18,2021-09-12,7,2.592524867530834,2.1168370037583757,14.817859026308629,1,Moderate,3,2
8671,8689,2021-09-28,2021-10-16,2021-10-05,19,2.9609808166563027,2.136445535199408,40.59246516878875,2,Strong,3,2
8804,8809,2022-02-08,2022-02-13,2022-02-10,6,2.159416604734062,1.9998762432116066,11.99925745926964,1,Moderate,3,2
8821,8831,2022-02-25,2022-03-07,2022-02-28,11,3.0150048143481065,2.572431641229939,28.296748053529328,1,Moderate,3,2
8876,8880,2022-04-21,2022-04-25,2022-04-24,5,1.8521114405997956,1.6697379284207166,8.348689642103583,1,Moderate,3,2
8985,8989,2022-08-08,2022-08-12,2022-08-10,5,2.2467844378072606,2.0655683467200276,10.327841733600138,1,Moderate,3,2
9141,9146,2023-01-11,2023-01-16,2023-01-12,6,2.625165740231205,2.2051482466993266,13.23088948019596,1,Moderate,3,2
9184,9189,2023-02-23,2023-02-28,2023-02-25,6,2.4578357176685977,2.219800290264959,13.318801741589754,1,Moderate,3,2
9267,9274,2023-05-17,2023-05-24,2023-05-19,8,2.734525862293701,1.9332853415857598,15.466282732686079,1,Moderate,3,2
9316,9321,2023-07-05,2023-07-10,2023-07-07,6,2.8857509994502095,2.4474630116199863,14.684778069719918,1,Moderate,3,2
9328,9379,2023-07-17,2023-09-06,2023-08-13,52,4.405025085253108,2.987782886083175,155.3647100763251,2,Strong,3,2
179,186,1998-06-29,1998-07-06,1998-06-30,8,2.582300011375299,1.7047459384047956,13.637967507238365,2,Strong,3,3
563,579,1999-07-18,1999-08-03,1999-07-22,17,3.6207938567236333,2.6228904327922193,44.58913735746773,2,Strong,3,3
692,696,1999-11-24,1999-11-28,1999-11-25,5,2.784405504382155,2.589611654817662,12.948058274088309,1,Moderate,3,3
719,761,1999-12-21,2000-02-01,1999-12-25,43,4.1089683778488695,3.098569213359141,133.23847617444306,2,Strong,3,3
791,798,2000-03-02,2000-03-09,2000-03-04,8,3.342042884691189,2.6106860753454812,20.88548860276385,2,Strong,3,3
996,1015,2000-09-23,2000-10-12,2000-10-05,20,4.456841302058027,3.0382090473344854,60.764180946689706,2,Strong,3,3
1327,1336,2001-08-20,2001-08-29,2001-08-25,10,3.661405555580579,2.8367442182931324,28.367442182931324,1,Moderate,3,3
1535,1540,2002-03-16,2002-03-21,2002-03-16,6,2.254549543204737,1.8385712482299637,11.031427489379782,1,Moderate,3,3
1737,1742,2002-10-04,2002-10-09,2002-10-04,6,2.543089846349048,2.264830196404351,13.588981178426106,1,Moderate,3,3
2389,2401,2004-07-17,2004-07-29,2004-07-24,13,3.260658492750057,2.5598767970602263,33.27839836178294,2,Strong,3,3
2687,2699,2005-05-11,2005-05-23,2005-05-15,13,3.914660655674872,2.5783178645348475,33.518132238953015,2,Strong,3,3
3238,3244,2006-11-13,2006-11-19,2006-11-18,7,3.1907761165114277,2.474598473394343,17.3221893137604,1,Moderate,3,3
3572,3580,2007-10-13,2007-10-21,2007-10-17,9,4.083181705557436,2.903767874971997,26.133910874747972,2,Strong,3,3
4045,4061,2009-01-28,2009-02-13,2009-02-09,17,3.7895857419221866,2.9215905125976795,49.667038714160554,2,Strong,3,3
4466,4532,2010-03-25,2010-05-30,2010-05-12,67,6.6543552847281475,4.2213786313105,282.8323682978035,3,Severe,3,3
4602,4615,2010-08-08,2010-08-21,2010-08-18,14,3.1949891743425276,2.5661693835637243,35.92637136989214,1,Moderate,3,3
4684,4710,2010-10-29,2010-11-24,2010-11-10,27,3.830384566972345,2.7492887622128643,74.23079657974733,2,Strong,3,3
4764,4773,2011-01-17,2011-01-26,2011-01-22,10,2.958777441521322,2.590589368425828,25.90589368425828,1,Moderate,3,3
4895,4900,2011-05-28,2011-06-02,2011-05-29,6,2.6188484390987696,2.1281027717235177,12.768616630341107,1,Moderate,3,3
5169,5174,2012-02-26,2012-03-02,2012-03-01,6,1.884012949767687,1.7237161925515763,10.342297155309458,1,Moderate,3,3
5439,5457,2012-11-22,2012-12-10,2012-11-24,19,3.816311024017283,2.8735920057616258,54.59824810947089,1,Moderate,3,3
5650,5664,2013-06-21,2013-07-05,2013-06-29,15,2.780242455462872,2.0233983790043,30.3509756850645,2,Strong,3,3
5668,5675,2013-07-09,2013-07-16,2013-07-13,8,3.503172970978362,2.3235013224575822,18.588010579660658,2,Strong,3,3
5707,5742,2013-08-17,2013-09-21,2013-08-30,36,5.620379931720379,3.944855956756595,142.0148144432374,2,Strong,3,3
5756,5778,2013-10-05,2013-10-27,2013-10-13,23,4.03508923922103,2.890608078579983,66.48398580733961,2,Strong,3,3
5991,6012,2014-05-28,2014-06-18,2014-06-05,22,4.649186310553198,3.3259624810340274,73.1711745827486,2,Strong,3,3
6038,6042,2014-07-14,2014-07-18,2014-07-14,5,2.0243088112309913,1.7793198412300888,8.896599206150444,1,Moderate,3,3
6046,6053,2014-07-22,2014-07-29,2014-07-24,8,2.5018857986514433,2.1856318973047966,17.485055178438373,1,Moderate,3,3
6096,6110,2014-09-10,2014-09-24,2014-09-20,15,3.284023875082884,2.498786624563079,37.48179936844618,1,Moderate,3,3
6243,6250,2015-02-04,2015-02-11,2015-02-09,8,2.507168200984692,2.162523530176598,17.300188241412783,1,Moderate,3,3
6259,6266,2015-02-20,2015-02-27,2015-02-27,8,2.335294580396063,1.9651351162442574,15.72108092995406,1,Moderate,3,3
6737,6742,2016-06-12,2016-06-17,2016-06-14,6,1.851125687969958,1.5110769655231628,9.066461793138977,1,Moderate,3,3
6807,6815,2016-08-21,2016-08-29,2016-08-23,9,3.073004030098634,2.5585952166596457,23.027356949936813,1,Moderate,3,3
7027,7035,2017-03-29,2017-04-06,2017-04-04,9,3.0287465572974757,2.260816612153849,20.347349509384642,1,Moderate,3,3
7039,7045,2017-04-10,2017-04-16,2017-04-15,7,2.242346807466884,1.9288747313832926,13.502123119683048,1,Moderate,3,3
7197,7205,2017-09-15,2017-09-23,2017-09-19,9,3.2301129334882823,2.7704587159450775,24.9341284435057,1,Moderate,3,3
7267,7280,2017-11-24,2017-12-07,2017-12-04,14,3.802740181833414,2.810173776518815,39.342432871263405,1,Moderate,3,3
7393,7398,2018-03-30,2018-04-04,2018-03-31,6,2.6781850084198755,2.159777441745972,12.95866465047583,1,Moderate,3,3
7447,7452,2018-05-23,2018-05-28,2018-05-27,6,2.885164586878375,2.4691980067437096,14.815188040462257,1,Moderate,3,3
7496,7507,2018-07-11,2018-07-22,2018-07-16,12,2.927465709462126,2.425099378162041,29.101192537944495,1,Moderate,3,3
7571,7577,2018-09-24,2018-09-30,2018-09-27,7,2.404731723649224,2.162228847731821,15.135601934122747,1,Moderate,3,3
7728,7740,2019-02-28,2019-03-12,2019-03-10,13,2.670976242358215,2.083990521583181,27.09187678058135,1,Moderate,3,3
7854,7872,2019-07-04,2019-07-22,2019-07-20,19,3.216736586388617,1.9713965552117325,37.45653454902292,2,Strong,3,3
8120,8130,2020-03-26,2020-04-05,2020-04-01,11,2.7757305821359903,2.1933411016512365,24.1267521181636,1,Moderate,3,3
8184,8201,2020-05-29,2020-06-15,2020-06-13,18,3.0542817624849086,2.0925527960747905,37.66595032934623,2,Strong,3,3
8208,8214,2020-06-22,2020-06-28,2020-06-25,7,1.9844032255808344,1.6094897047660344,11.266427933362241,1,Moderate,3,3
8482,8489,2021-03-23,2021-03-30,2021-03-25,8,2.9208174511788094,2.23895056525857,17.91160452206856,1,Moderate,3,3
8521,8527,2021-05-01,2021-05-07,2021-05-06,7,2.4701035234829014,2.2230710865095253,15.561497605566679,1,Moderate,3,3
8651,8700,2021-09-08,2021-10-27,2021-10-10,50,6.586500402309749,3.8706439294158304,193.53219647079152,3,Severe,3,3
9015,9028,2022-09-07,2022-09-20,2022-09-09,14,4.117193394071084,3.2919723535106984,46.08761294914978,2,Strong,3,3
9246,9251,2023-04-26,2023-05-01,2023-04-30,6,1.9891746739224132,1.825480230674703,10.952881384048219,1,Moderate,3,3
9336,9346,2023-07-25,2023-08-04,2023-07-27,11,2.822365395571378,2.1888681422227343,24.077549564450077,1,Moderate,3,3
279,293,1998-10-07,1998-10-21,1998-10-17,15,3.1842843695268748,2.5162033652761644,37.74305047914247,1,Moderate,3,4
555,567,1999-07-10,1999-07-22,1999-07-14,13,3.7287222129020137,2.5687192474878398,33.39335021734192,2,Strong,3,4
575,607,1999-07-30,1999-08-31,1999-08-12,33,4.163448144068525,2.576460100455363,85.02318331502698,2,Strong,3,4
611,626,1999-09-04,1999-09-19,1999-09-10,16,3.976752638863548,2.9244828188826686,46.7917251021227,2,Strong,3,4
775,781,2000-02-15,2000-02-21,2000-02-19,7,2.8343262576993595,2.4772068166857317,17.34044771680012,1,Moderate,3,4
800,804,2000-03-11,2000-03-15,2000-03-12,5,2.098839891970883,1.9345188066950816,9.672594033475407,1,Moderate,3,4
842,854,2000-04-22,2000-05-04,2000-04-24,13,2.540018557851436,2.019412744324998,26.252365676224972,1,Moderate,3,4
941,951,2000-07-30,2000-08-09,2000-08-01,11,2.801168418129304,2.1317874434753854,23.44966187822924,1,Moderate,3,4
1388,1416,2001-10-20,2001-11-17,2001-10-31,29,4.1410030547614785,2.849508731594358,82.63575321623638,2,Strong,3,4
1492,1496,2002-02-01,2002-02-05,2002-02-01,5,1.8381962845607553,1.6890720642805905,8.445360321402953,1,Moderate,3,4
2089,2093,2003-09-21,2003-09-25,2003-09-25,5,2.759959594312413,2.460870897290639,12.304354486453196,1,Moderate,3,4
2268,2275,2004-03-18,2004-03-25,2004-03-21,8,2.8940419577522984,2.452344949517091,19.618759596136726,1,Moderate,3,4
2282,2286,2004-04-01,2004-04-05,2004-04-04,5,2.656000839439809,2.194082915791937,10.970414578959684,1,Moderate,3,4
2489,2497,2004-10-25,2004-11-02,2004-10-26,9,2.670789694023062,2.4526813804366774,22.074132423930095,1,Moderate,3,4
2657,2673,2005-04-11,2005-04-27,2005-04-15,17,2.761737823597823,2.2128293687632814,37.61809926897578,1,Moderate,3,4
2699,2703,2005-05-23,2005-05-27,2005-05-25,5,2.8020112670142225,2.258042404867704,11.29021202433852,1,Moderate,3,4
2746,2758,2005-07-09,2005-07-21,2005-07-14,13,3.024924986975744,2.3026765609562094,29.934795292430724,2,Strong,3,4
3641,3665,2007-12-21,2008-01-14,2008-01-01,25,3.681031029527581,2.859847746764099,71.49619366910247,2,Strong,3,4
3795,3808,2008-05-23,2008-06-05,2008-05-31,14,3.510990466078372,2.6911952987549035,37.67673418256865,1,Moderate,3,4
3842,3848,2008-07-09,2008-07-15,2008-07-11,7,2.605811935132291,2.0067157025243785,14.04700991767065,1,Moderate,3,4
3941,3947,2008-10-16,2008-10-22,2008-10-20,7,3.047895618099542,2.690159942228571,18.831119595599997,1,Moderate,3,4
3972,4008,2008-11-16,2008-12-22,2008-11-30,37,4.795454593691607,3.2645771240823405,120.78935359104659,2,Strong,3,4
4108,4112,2009-04-01,2009-04-05,2009-04-05,5,2.0892360189934234,1.9137521338296444,9.568760669148222,1,Moderate,3,4
4407,4413,2010-01-25,2010-01-31,2010-01-27,7,2.273009741902472,1.9734035643957488,13.813824950770242,1,Moderate,3,4
4417,4421,2010-02-04,2010-02-08,2010-02-04,5,2.609079609927191,2.389963794289791,11.949818971448956,1,Moderate,3,4
4482,4487,2010-04-10,2010-04-15,2010-04-13,6,2.6956507682854998,2.3621882780685683,14.173129668411411,1,Moderate,3,4
4744,4750,2010-12-28,2011-01-03,2011-01-01,7,2.172019734032517,1.9430348750645476,13.601244125451833,1,Moderate,3,4
5081,5085,2011-11-30,2011-12-04,2011-12-03,5,2.750117318501575,2.218750949506744,11.093754747533719,1,Moderate,3,4
5101,5109,2011-12-20,2011-12-28,2011-12-24,9,2.35993700714147,2.0851474873561173,18.766327386205056,1,Moderate,3,4
5219,5223,2012-04-16,2012-04-20,2012-04-18,5,2.22850289688256,1.9509642888800862,9.75482144440043,1,Moderate,3,4
5543,5548,2013-03-06,2013-03-11,2013-03-07,6,2.5501265037990954,2.1212926499668288,12.727755899800972,1,Moderate,3,4
5615,5622,2013-05-17,2013-05-24,2013-05-21,8,3.383190366133455,2.7444015527006727,21.95521242160538,1,Moderate,3,4
5860,5865,2014-01-17,2014-01-22,2014-01-19,6,1.8347457307356478,1.6671065695138525,10.002639417083115,1,Moderate,3,4
5907,5912,2014-03-05,2014-03-10,2014-03-07,6,2.2974920748699024,1.9671044364319092,11.802626618591455,1,Moderate,3,4
5982,5986,2014-05-19,2014-05-23,2014-05-21,5,2.767725759219818,2.4005283994818156,12.002641997409079,1,Moderate,3,4
5990,6005,2014-05-27,2014-06-11,2014-06-05,16,3.6637742497983226,2.879164971743289,46.06663954789262,1,Moderate,3,4
6342,6349,2015-05-14,2015-05-21,2015-05-18,8,3.031679788423844,2.522035138417822,20.176281107342575,1,Moderate,3,4
6588,6594,2016-01-15,2016-01-21,2016-01-17,7,2.657009693937548,2.104389375911158,14.730725631378105,1,Moderate,3,4
6607,6611,2016-02-03,2016-02-07,2016-02-05,5,1.9489390013781573,1.8062667690682361,9.03133384534118,1,Moderate,3,4
6740,6746,2016-06-15,2016-06-21,2016-06-16,7,2.795022220710912,2.2926000745986417,16.04820052219049,1,Moderate,3,4
6809,6821,2016-08-23,2016-09-04,2016-08-28,13,4.03696907348623,2.9374745840555527,38.187169592722185,2,Strong,3,4
6827,6834,2016-09-10,2016-09-17,2016-09-15,8,3.9184037793226487,3.050506737927765,24.40405390342212,2,Strong,3,4
6841,6847,2016-09-24,2016-09-30,2016-09-29,7,2.9599663437159265,2.6088476666352753,18.26193366644693,1,Moderate,3,4
7096,7120,2017-06-06,2017-06-30,2017-06-12,25,4.387115638873141,3.021008513302389,75.52521283255973,2,Strong,3,4
7178,7183,2017-08-27,2017-09-01,2017-08-30,6,2.2501274604795753,1.937647621021388,11.625885726128327,1,Moderate,3,4
7337,7348,2018-02-02,2018-02-13,2018-02-04,12,3.411462050870208,2.5223761623923893,30.268513948708673,2,Strong,3,4
7363,7377,2018-02-28,2018-03-14,2018-03-04,15,3.1864275117326546,2.1552729260241943,32.32909389036291,2,Strong,3,4
7645,7650,2018-12-07,2018-12-12,2018-12-11,6,2.4845215485533902,2.244208637452856,13.465251824717134,1,Moderate,3,4
7709,7714,2019-02-09,2019-02-14,2019-02-12,6,2.1341352158462463,1.8879564131854256,11.327738479112554,1,Moderate,3,4
7947,7969,2019-10-05,2019-10-27,2019-10-06,23,3.268173110583451,2.609739300655788,60.02400391508313,1,Moderate,3,4
8089,8093,2020-02-24,2020-02-28,2020-02-26,5,2.066708725805917,1.849878553655741,9.249392768278705,1,Moderate,3,4
8117,8123,2020-03-23,2020-03-29,2020-03-26,7,2.01048843291378,1.8135476906952843,12.69483383486699,1,Moderate,3,4
8289,8301,2020-09-11,2020-09-23,2020-09-17,13,5.083294460252507,3.5664664892435924,46.3640643601667,2,Strong,3,4
8426,8433,2021-01-26,2021-02-02,2021-01-31,8,2.8010062077281344,2.2348481829062563,17.87878546325005,1,Moderate,3,4
8481,8489,2021-03-22,2021-03-30,2021-03-25,9,3.031539523326625,2.1512140320928372,19.360926288835536,2,Strong,3,4
8836,8850,2022-03-12,2022-03-26,2022-03-20,15,2.6570915126500196,2.0951349521960396,31.427024282940593,1,Moderate,3,4
8954,8961,2022-07-08,2022-07-15,2022-07-11,8,2.7658226720604837,2.0929661925186345,16.743729540149076,1,Moderate,3,4
8971,8984,2022-07-25,2022-08-07,2022-07-27,14,2.345789722642948,2.0523788551636164,28.73330397229063,1,Moderate,3,4
9050,9057,2022-10-12,2022-10-19,2022-10-13,8,3.1484997947451703,2.440346493486032,19.522771947888256,1,Moderate,3,4
9087,9092,2022-11-18,2022-11-23,2022-11-21,6,3.4560675025671532,2.405452659958785,14.43271595975271,1,Moderate,3,4
9120,9130,2022-12-21,2022-12-31,2022-12-26,11,2.4730893998123893,1.9304572929639543,21.2350302226035,1,Moderate,3,4
9165,9175,2023-02-04,2023-02-14,2023-02-08,11,2.7912476227369574,2.178912251259014,23.968034763849154,1,Moderate,3,4
9352,9366,2023-08-10,2023-08-24,2023-08-21,15,2.6135972104803145,2.229832492701059,33.44748739051589,1,Moderate,3,4
9372,9377,2023-08-30,2023-09-04,2023-09-01,6,2.322170092972584,2.0819802607543334,12.491881564526,1,Moderate,3,4
736,741,2000-01-07,2000-01-12,2000-01-10,6,2.442838717971121,2.1901056828721464,13.140634097232878,1,Moderate,3,5
1079,1112,2000-12-15,2001-01-17,2000-12-22,34,4.66913081100946,2.5655814272761988,87.22976852739076,3,Severe,3,5
1209,1213,2001-04-24,2001-04-28,2001-04-27,5,2.749860761923454,2.1055332336424994,10.527666168212498,1,Moderate,3,5
1335,1342,2001-08-28,2001-09-04,2001-08-30,8,2.0714367622733434,1.7194434623356383,13.755547698685106,1,Moderate,3,5
1353,1357,2001-09-15,2001-09-19,2001-09-17,5,2.3331813365681064,1.9721760297293904,9.860880148646952,1,Moderate,3,5
1780,1788,2002-11-16,2002-11-24,2002-11-21,9,2.6910214376396837,2.048333381302538,18.43500043172284,2,Strong,3,5
2078,2083,2003-09-10,2003-09-15,2003-09-12,6,2.2537559395562106,1.8533687160179817,11.12021229610789,1,Moderate,3,5
2092,2096,2003-09-24,2003-09-28,2003-09-26,5,2.947026052596165,2.377295413712866,11.886477068564329,1,Moderate,3,5
2252,2281,2004-03-02,2004-03-31,2004-03-16,30,6.434920261934572,3.8086365164503184,114.25909549350955,3,Severe,3,5
2389,2395,2004-07-17,2004-07-23,2004-07-18,7,2.611027398626291,1.9107150325244961,13.375005227671473,2,Strong,3,5
2413,2418,2004-08-10,2004-08-15,2004-08-11,6,2.6793046495117565,2.1782761862297844,13.069657117378707,2,Strong,3,5
2428,2434,2004-08-25,2004-08-31,2004-08-27,7,2.124002212574627,1.8717392395869612,13.102174677108728,1,Moderate,3,5
2520,2526,2004-11-25,2004-12-01,2004-11-26,7,1.8571198196854475,1.622850040403895,11.359950282827265,1,Moderate,3,5
2714,2727,2005-06-07,2005-06-20,2005-06-10,14,3.017299887535067,2.4824164118198513,34.75382976547792,1,Moderate,3,5
2976,2984,2006-02-24,2006-03-04,2006-02-25,9,3.075340952108659,2.4232495644652747,21.80924608018747,1,Moderate,3,5
3147,3153,2006-08-14,2006-08-20,2006-08-15,7,3.4915652102026407,2.2934803470392917,16.05436242927504,2,Strong,3,5
3209,3213,2006-10-15,2006-10-19,2006-10-18,5,2.0720188880312644,1.8156779401067122,9.078389700533561,1,Moderate,3,5
3937,3944,2008-10-12,2008-10-19,2008-10-15,8,2.4591763672970437,1.9780015960394153,15.824012768315322,1,Moderate,3,5
4122,4153,2009-04-15,2009-05-16,2009-05-04,32,3.862293981807511,2.60601887769768,83.39260408632576,2,Strong,3,5
4159,4166,2009-05-22,2009-05-29,2009-05-25,8,2.2448926484852336,1.9820266147492185,15.856212917993748,1,Moderate,3,5
4209,4220,2009-07-11,2009-07-22,2009-07-18,12,2.6749057558330094,2.1095368527297587,25.314442232757102,2,Strong,3,5
4285,4304,2009-09-25,2009-10-14,2009-09-26,20,3.076354028972304,2.4168134939536214,48.33626987907243,1,Moderate,3,5
4661,4671,2010-10-06,2010-10-16,2010-10-06,11,2.7615689533637493,2.107349075466024,23.18083983012626,1,Moderate,3,5
4910,4928,2011-06-12,2011-06-30,2011-06-22,19,3.3007843385671833,2.514045176170504,47.76685834723957,1,Moderate,3,5
5245,5253,2012-05-12,2012-05-20,2012-05-15,9,2.9911244027041484,2.4452057442686552,22.006851698417897,1,Moderate,3,5
5264,5281,2012-05-31,2012-06-17,2012-06-06,18,3.78430761112336,2.361686835989119,42.51036304780414,2,Strong,3,5
5450,5455,2012-12-03,2012-12-08,2012-12-06,6,2.333348239611839,2.0006851463582103,12.004110878149262,1,Moderate,3,5
5489,5519,2013-01-11,2013-02-10,2013-02-06,31,3.1034206839560508,2.3101102836218668,71.61341879227787,1,Moderate,3,5
5559,5567,2013-03-22,2013-03-30,2013-03-24,9,3.0063658723415987,2.4472944492308994,22.025650043078095,1,Moderate,3,5
5604,5609,2013-05-06,2013-05-11,2013-05-09,6,2.5274238869086574,2.1930147909686255,13.158088745811753,1,Moderate,3,5
5788,5804,2013-11-06,2013-11-22,2013-11-18,17,3.640773878891345,2.4418948867669106,41.51221307503748,2,Strong,3,5
5861,5866,2014-01-18,2014-01-23,2014-01-20,6,2.1427687610718653,1.857779105225003,11.146674631350018,1,Moderate,3,5
5876,5880,2014-02-02,2014-02-06,2014-02-06,5,2.414930496649534,2.1209746762899693,10.604873381449845,1,Moderate,3,5
6030,6035,2014-07-06,2014-07-11,2014-07-07,6,2.6863928034368243,2.174786588086292,13.048719528517754,1,Moderate,3,5
6250,6256,2015-02-11,2015-02-17,2015-02-13,7,2.5898012582961343,2.1245315014873998,14.871720510411798,1,Moderate,3,5
6416,6430,2015-07-27,2015-08-10,2015-08-02,15,2.9570455662773014,2.275016764309884,34.125251464648265,2,Strong,3,5
6992,7020,2017-02-22,2017-03-22,2017-02-28,29,3.1691879775683507,2.221159229415951,64.41361765306257,1,Moderate,3,5
7033,7045,2017-04-04,2017-04-16,2017-04-16,13,2.8922475285651394,2.1892140135226743,28.459782175794768,1,Moderate,3,5
7058,7063,2017-04-29,2017-05-04,2017-05-04,6,3.144688919829882,2.8330226797914797,16.998136078748878,1,Moderate,3,5
7068,7074,2017-05-09,2017-05-15,2017-05-11,7,2.25614744687584,2.0290878929716385,14.20361525080147,1,Moderate,3,5
7305,7311,2018-01-01,2018-01-07,2018-01-03,7,2.230659724038956,1.8828292157142257,13.17980450999958,1,Moderate,3,5
7404,7417,2018-04-10,2018-04-23,2018-04-14,14,3.7676701748143344,2.542462449962765,35.594474299478705,2,Strong,3,5
7495,7511,2018-07-10,2018-07-26,2018-07-24,17,2.3531030874942473,1.7367667495723162,29.525034742729375,1,Moderate,3,5
7553,7577,2018-09-06,2018-09-30,2018-09-24,25,3.435161264250592,2.470913415315587,61.77283538288968,2,Strong,3,5
7617,7623,2018-11-09,2018-11-15,2018-11-10,7,2.368734440572977,1.713364456897295,11.993551198281065,1,Moderate,3,5
7665,7672,2018-12-27,2019-01-03,2019-01-01,8,2.9829229135214437,2.3720081401045157,18.976065120836125,1,Moderate,3,5
7699,7704,2019-01-30,2019-02-04,2019-02-01,6,1.874932689221998,1.7277651636639526,10.366590981983716,1,Moderate,3,5
7710,7722,2019-02-10,2019-02-22,2019-02-15,13,2.55734212079871,2.185849261866022,28.416040404258283,1,Moderate,3,5
8318,8322,2020-10-10,2020-10-14,2020-10-13,5,2.282078710235009,1.9040094601324569,9.520047300662284,1,Moderate,3,5
8453,8466,2021-02-22,2021-03-07,2021-03-02,14,3.5390086852896463,2.6937990406459695,37.71318656904357,2,Strong,3,5
8495,8502,2021-04-05,2021-04-12,2021-04-09,8,2.4831319626185113,1.9573268448180712,15.65861475854457,1,Moderate,3,5
8721,8728,2021-11-17,2021-11-24,2021-11-22,8,2.7784812259444163,2.130538805358282,17.044310442866255,2,Strong,3,5
8865,8873,2022-04-10,2022-04-18,2022-04-13,9,2.7058939793229158,2.346965799366444,21.122692194297997,1,Moderate,3,5
8890,8907,2022-05-05,2022-05-22,2022-05-10,18,3.1765362632554215,2.2617666267558656,40.71179928160558,1,Moderate,3,5
8983,9034,2022-08-06,2022-09-26,2022-08-23,52,4.6959449243230225,2.979481813737642,154.93305431435738,3,Severe,3,5
9143,9154,2023-01-13,2023-01-24,2023-01-20,12,2.608124035031688,1.9702884258566045,23.643461110279254,1,Moderate,3,5
9252,9266,2023-05-02,2023-05-16,2023-05-14,15,3.4291821057114618,2.9230713408150026,43.84607011222504,1,Moderate,3,5
9315,9352,2023-07-04,2023-08-10,2023-07-18,38,3.213508502396543,2.0346104697140714,77.31519784913472,2,Strong,3,5
9356,9392,2023-08-14,2023-09-19,2023-08-19,37,3.9723968685889446,2.8072762524515054,103.86922134070569,2,Strong,3,5
108,112,1998-04-19,1998-04-23,1998-04-20,5,2.2406660820426048,1.9176399896585168,9.588199948292583,1,Moderate,4,0
210,218,1998-07-30,1998-08-07,1998-08-01,9,2.5530264344634084,2.1046725382272844,18.94205284404556,1,Moderate,4,0
226,233,1998-08-15,1998-08-22,1998-08-18,8,2.9071515516780693,2.447562806015114,19.58050244812091,1,Moderate,4,0
251,267,1998-09-09,1998-09-25,1998-09-19,17,3.391848181460965,2.4812901280179993,42.18193217630599,2,Strong,4,0
684,718,1999-11-16,1999-12-20,1999-12-05,35,4.661341407117993,3.305451889758187,115.69081614153654,2,Strong,4,0
770,786,2000-02-10,2000-02-26,2000-02-21,17,3.497979622650428,2.189292611490286,37.21797439533486,2,Strong,4,0
1047,1054,2000-11-13,2000-11-20,2000-11-16,8,2.5824786866892477,1.931783047055379,15.454264376443032,1,Moderate,4,0
1261,1275,2001-06-15,2001-06-29,2001-06-22,15,2.719279975404966,2.077995690453407,31.1699353568011,1,Moderate,4,0
1619,1636,2002-06-08,2002-06-25,2002-06-10,18,2.6354947797806645,1.823862836296108,32.829531053329944,1,Moderate,4,0
1691,1701,2002-08-19,2002-08-29,2002-08-20,11,2.95133356309827,2.426087735936674,26.686965095303417,2,Strong,4,0
1804,1824,2002-12-10,2002-12-30,2002-12-17,21,3.5045860834558606,2.604724700699183,54.69921871468285,1,Moderate,4,0
2016,2020,2003-07-10,2003-07-14,2003-07-12,5,3.23386951885049,2.45752622064784,12.2876311032392,2,Strong,4,0
2791,2806,2005-08-23,2005-09-07,2005-08-28,16,3.708142941977414,2.585533247917956,41.36853196668729,2,Strong,4,0
2954,2960,2006-02-02,2006-02-08,2006-02-07,7,2.2519737327499616,1.8424267378240125,12.896987164768086,1,Moderate,4,0
3073,3078,2006-06-01,2006-06-06,2006-06-02,6,2.4972020630489453,1.8696016791515895,11.217610074909537,1,Moderate,4,0
3650,3659,2007-12-30,2008-01-08,2008-01-02,10,2.963127267049531,2.4427502971416084,24.427502971416082,1,Moderate,4,0
3682,3688,2008-01-31,2008-02-06,2008-01-31,7,2.6510635017123665,2.1411771535742465,14.988240075019725,1,Moderate,4,0
3782,3809,2008-05-10,2008-06-06,2008-05-29,28,3.3424580313384133,2.2845375080915846,63.96705022656437,2,Strong,4,0
4552,4557,2010-06-19,2010-06-24,2010-06-21,6,2.069341015459063,1.7167397434274072,10.300438460564443,1,Moderate,4,0
4620,4624,2010-08-26,2010-08-30,2010-08-28,5,1.9091966378627028,1.6662817428744034,8.331408714372017,1,Moderate,4,0
4846,4856,2011-04-09,2011-04-19,2011-04-16,11,2.286300936902947,2.008284036462204,22.091124401084247,1,Moderate,4,0
4864,4871,2011-04-27,2011-05-04,2011-05-01,8,3.052796204243336,2.4951043628692613,19.96083490295409,1,Moderate,4,0
4876,4890,2011-05-09,2011-05-23,2011-05-17,15,2.8349590716806894,2.235994147495911,33.539912212438665,1,Moderate,4,0
4947,4954,2011-07-19,2011-07-26,2011-07-22,8,2.6185864200973654,2.0428912427394637,16.34312994191571,1,Moderate,4,0
5003,5064,2011-09-13,2011-11-13,2011-10-17,62,3.4520327164389,2.43050962361618,150.69159666420316,2,Strong,4,0
5179,5184,2012-03-07,2012-03-12,2012-03-10,6,2.5691376413299096,2.0640338021215445,12.384202812729267,1,Moderate,4,0
5323,5328,2012-07-29,2012-08-03,2012-07-30,6,2.8945492686373058,2.178392636458853,13.070355818753118,1,Moderate,4,0
5851,5861,2014-01-08,2014-01-18,2014-01-10,11,2.9147087957390063,2.2273996496421264,24.501396146063392,1,Moderate,4,0
6037,6042,2014-07-13,2014-07-18,2014-07-14,6,2.532272760288219,2.048821819990921,12.292930919945526,1,Moderate,4,0
6263,6296,2015-02-24,2015-03-29,2015-03-17,34,4.307622831484508,2.2960833986405134,78.06683555377745,2,Strong,4,0
6653,6669,2016-03-20,2016-04-05,2016-03-25,17,3.068399371925647,2.445840669695197,41.57929138481835,1,Moderate,4,0
6680,6694,2016-04-16,2016-04-30,2016-04-19,15,3.669027848641921,2.569766895207757,38.54650342811635,2,Strong,4,0
6785,6798,2016-07-30,2016-08-12,2016-08-04,14,3.1977993092919235,2.3545182359704184,32.96325530358586,2,Strong,4,0
7117,7123,2017-06-27,2017-07-03,2017-06-30,7,3.232642541878164,2.4500805735733686,17.15056401501358,2,Strong,4,0
7204,7208,2017-09-22,2017-09-26,2017-09-25,5,2.13461500347114,1.940979309061099,9.704896545305495,1,Moderate,4,0
7217,7226,2017-10-05,2017-10-14,2017-10-11,10,3.214012419369489,2.3723323593325727,23.723323593325727,1,Moderate,4,0
7230,7243,2017-10-18,2017-10-31,2017-10-26,14,3.6837812576203124,2.6033192567308467,36.44646959423186,2,Strong,4,0
7293,7297,2017-12-20,2017-12-24,2017-12-22,5,3.4774560400462295,2.6315073633971453,13.157536816985727,1,Moderate,4,0
7301,7305,2017-12-28,2018-01-01,2017-12-29,5,2.846336889639959,2.492179799058812,12.46089899529406,1,Moderate,4,0
7326,7331,2018-01-22,2018-01-27,2018-01-25,6,1.9204209414914644,1.7135873754926774,10.281524252956064,1,Moderate,4,0
7557,7566,2018-09-10,2018-09-19,2018-09-11,10,2.6333554846464047,2.1049860055678806,21.049860055678806,1,Moderate,4,0
8211,8219,2020-06-25,2020-07-03,2020-06-29,9,2.6545354355244335,2.245221785839721,20.20699607255749,1,Moderate,4,0
8490,8494,2021-03-31,2021-04-04,2021-04-03,5,2.7613996199807307,2.361153305519047,11.805766527595233,1,Moderate,4,0
8722,8737,2021-11-18,2021-12-03,2021-11-20,16,3.2085463355696184,2.4361244641844646,38.977991426951434,2,Strong,4,0
8745,8749,2021-12-11,2021-12-15,2021-12-13,5,2.781780068880151,2.4488988587824894,12.244494293912448,1,Moderate,4,0
8839,8843,2022-03-15,2022-03-19,2022-03-16,5,2.330104174541823,2.0161902366738884,10.080951183369443,1,Moderate,4,0
8877,8894,2022-04-22,2022-05-09,2022-04-26,18,2.3414435054563896,1.904562943258912,34.282132978660414,1,Moderate,4,0
8907,8919,2022-05-22,2022-06-03,2022-05-23,13,2.6309140978523367,2.0138714961651885,26.18032945014745,1,Moderate,4,0
8929,8968,2022-06-13,2022-07-22,2022-06-18,40,3.702296740603032,2.618068513135275,104.72274052541101,2,Strong,4,0
9005,9016,2022-08-28,2022-09-08,2022-09-01,12,2.716343804221097,2.0462730502115245,24.555276602538292,1,Moderate,4,0
9258,9267,2023-05-08,2023-05-17,2023-05-11,10,2.7848992427348627,2.1265945900504843,21.265945900504843,1,Moderate,4,0
9285,9374,2023-06-04,2023-09-01,2023-07-08,90,5.224258050429842,3.0234923067874577,272.1143076108712,3,Severe,4,0
9384,9389,2023-09-11,2023-09-16,2023-09-13,6,2.2590785617611004,2.0242947566224845,12.145768539734906,1,Moderate,4,0
9428,9434,2023-10-25,2023-10-31,2023-10-28,7,2.4842297126513664,2.2369249229321784,15.65847446052525,1,Moderate,4,0
247,259,1998-09-05,1998-09-17,1998-09-13,13,3.1260962991901735,2.468539335187023,32.0910113574313,1,Moderate,4,1
549,560,1999-07-04,1999-07-15,1999-07-09,12,3.35091091723136,2.605819735539048,31.26983682646858,1,Moderate,4,1
1128,1165,2001-02-02,2001-03-11,2001-02-15,38,5.013951443190889,3.456542797432954,131.34862630245226,2,Strong,4,1
1236,1242,2001-05-21,2001-05-27,2001-05-26,7,2.477589870929382,2.100986036412759,14.706902254889311,1,Moderate,4,1
1434,1471,2001-12-05,2002-01-11,2001-12-12,38,3.795603264556309,2.5366472916704175,96.39259708347586,2,Strong,4,1
1742,1782,2002-10-09,2002-11-18,2002-11-04,41,6.072851962197154,3.973534549804374,162.91491654197932,3,Severe,4,1
1810,1821,2002-12-16,2002-12-27,2002-12-24,12,3.306202764969999,2.6982617672855462,32.37914120742656,1,Moderate,4,1
2140,2148,2003-11-11,2003-11-19,2003-11-18,9,2.9442787212757455,2.3321202182508873,20.989081964257984,1,Moderate,4,1
2258,2265,2004-03-08,2004-03-15,2004-03-11,8,3.1331600320673214,2.678925059775846,21.43140047820677,1,Moderate,4,1
2389,2393,2004-07-17,2004-07-21,2004-07-21,5,2.869093485412293,2.538407347689952,12.692036738449758,1,Moderate,4,1
2700,2705,2005-05-24,2005-05-29,2005-05-26,6,2.111032824518773,1.9640544705999197,11.784326823599518,1,Moderate,4,1
2711,2717,2005-06-04,2005-06-10,2005-06-04,7,2.305455943627976,1.8198554542042966,12.738988179430077,1,Moderate,4,1
2943,2950,2006-01-22,2006-01-29,2006-01-23,8,2.8053213018583065,2.175218753777445,17.40175003021956,1,Moderate,4,1
2965,2969,2006-02-13,2006-02-17,2006-02-15,5,2.7890200747074196,2.3923545315463395,11.961772657731697,1,Moderate,4,1
3071,3080,2006-05-30,2006-06-08,2006-05-31,10,2.740890496496796,2.1728567657092093,21.728567657092093,1,Moderate,4,1
3386,3391,2007-04-10,2007-04-15,2007-04-12,6,2.7250255468581983,2.481979332369909,14.891875994219452,1,Moderate,4,1
3398,3413,2007-04-22,2007-05-07,2007-04-29,16,3.6628564707625735,2.4388864471276777,39.02218315404284,2,Strong,4,1
3418,3426,2007-05-12,2007-05-20,2007-05-13,9,2.4377823380299297,2.030639613083173,18.275756517748558,1,Moderate,4,1
3737,3747,2008-03-26,2008-04-05,2008-04-04,11,3.062508332803569,2.684843601562493,29.533279617187425,1,Moderate,4,1
4232,4241,2009-08-03,2009-08-12,2009-08-09,10,3.704775356608387,3.018935537648938,30.18935537648938,1,Moderate,4,1
4246,4250,2009-08-17,2009-08-21,2009-08-17,5,2.5172069826459804,2.3119077075618883,11.559538537809441,1,Moderate,4,1
4254,4263,2009-08-25,2009-09-03,2009-08-30,10,3.454462344647464,2.742115481315786,27.42115481315786,1,Moderate,4,1
4267,4287,2009-09-07,2009-09-27,2009-09-11,21,2.807342623561265,2.333197763813826,48.99715304009035,1,Moderate,4,1
4744,4768,2010-12-28,2011-01-21,2011-01-15,25,4.788089672204331,3.2864355660480555,82.16088915120139,2,Strong,4,1
5391,5408,2012-10-05,2012-10-22,2012-10-18,18,3.6143760641210037,2.68658641528886,48.35855547519948,2,Strong,4,1
5653,5666,2013-06-24,2013-07-07,2013-06-29,14,3.3838229146191914,2.517931485610172,35.251040798542405,2,Strong,4,1
5813,5819,2013-12-01,2013-12-07,2013-12-03,7,2.206958025852293,1.9840851378637436,13.888595965046205,1,Moderate,4,1
6083,6100,2014-08-28,2014-09-14,2014-08-30,18,3.796052004887372,2.734027277462028,49.212490994316504,1,Moderate,4,1
6105,6115,2014-09-19,2014-09-29,2014-09-20,11,2.9186242195435455,2.4439034360098795,26.882937796108674,1,Moderate,4,1
6416,6440,2015-07-27,2015-08-20,2015-08-11,25,5.122635653944709,3.668562987373947,91.71407468434867,2,Strong,4,1
6605,6612,2016-02-01,2016-02-08,2016-02-04,8,3.008033516556633,2.4200719180301236,19.36057534424099,1,Moderate,4,1
6628,6633,2016-02-24,2016-02-29,2016-02-28,6,3.1450247024315043,2.5632486400440273,15.379491840264164,1,Moderate,4,1
6650,6655,2016-03-17,2016-03-22,2016-03-19,6,2.6814629620654227,2.2490171086299977,13.494102651779986,1,Moderate,4,1
6756,6787,2016-07-01,2016-08-01,2016-07-26,32,4.077618518897598,2.4012978886552605,76.84153243696834,1,Moderate,4,1
6792,6797,2016-08-06,2016-08-11,2016-08-06,6,2.930287111853641,2.5680053705529726,15.408032223317836,1,Moderate,4,1
6878,6883,2016-10-31,2016-11-05,2016-11-04,6,2.592568202196679,2.241394674184544,13.448368045107262,1,Moderate,4,1
6898,6903,2016-11-20,2016-11-25,2016-11-23,6,2.3749476070275133,2.0168533649587475,12.101120189752486,1,Moderate,4,1
7031,7058,2017-04-02,2017-04-29,2017-04-12,28,3.6844423897039995,2.850099508337991,79.80278623346375,1,Moderate,4,1
7214,7220,2017-10-02,2017-10-08,2017-10-02,7,2.5450990778918197,2.2857892446796453,16.000524712757517,1,Moderate,4,1
7648,7655,2018-12-10,2018-12-17,2018-12-14,8,3.7348009044278996,2.683541365750484,21.468330926003873,2,Strong,4,1
7938,7949,2019-09-26,2019-10-07,2019-09-30,12,3.4654182215922305,2.587941907221015,31.055302886652182,1,Moderate,4,1
8117,8131,2020-03-23,2020-04-06,2020-03-25,15,3.3019804842057177,2.746831793941229,41.20247690911844,1,Moderate,4,1
8141,8145,2020-04-16,2020-04-20,2020-04-20,5,2.489410666948011,2.2478204208380754,11.239102104190376,1,Moderate,4,1
8265,8344,2020-08-18,2020-11-05,2020-09-14,80,7.0451290559725805,4.4212188591166806,353.69750872933446,3,Severe,4,1
8374,8379,2020-12-05,2020-12-10,2020-12-08,6,2.6381961800974914,2.252290058597048,13.513740351582289,1,Moderate,4,1
8559,8566,2021-06-08,2021-06-15,2021-06-12,8,2.502792149576411,2.0764875122860964,16.61190009828877,1,Moderate,4,1
8781,8795,2022-01-16,2022-01-30,2022-01-23,15,3.12604749604661,2.3253143469987614,34.87971520498142,1,Moderate,4,1
8824,8836,2022-02-28,2022-03-12,2022-03-07,13,4.241265748174923,2.988635109608911,38.85225642491584,2,Strong,4,1
8932,8936,2022-06-16,2022-06-20,2022-06-18,5,2.275388075680091,1.922129260729281,9.610646303646405,1,Moderate,4,1
9036,9042,2022-09-28,2022-10-04,2022-09-30,7,3.0983091729761227,2.481760715836623,17.37232501085636,1,Moderate,4,1
9110,9127,2022-12-11,2022-12-28,2022-12-24,18,2.7352628119748434,2.0631079555812275,37.135943200462094,1,Moderate,4,1
9264,9272,2023-05-14,2023-05-22,2023-05-19,9,2.8493756826409964,2.092297162174853,18.830674459573675,1,Moderate,4,1
9388,9401,2023-09-15,2023-09-28,2023-09-26,14,3.6071206038173713,2.8860994245069453,40.405391943097236,1,Moderate,4,1
9421,9429,2023-10-18,2023-10-26,2023-10-21,9,2.8358864846825593,2.4020500694733915,21.61845062526052,1,Moderate,4,1
368,374,1999-01-04,1999-01-10,1999-01-07,7,3.5340087106513582,2.635017489445666,18.445122426119664,2,Strong,4,2
945,964,2000-08-03,2000-08-22,2000-08-09,20,3.2149180621861433,2.5225799603365573,50.451599206731146,2,Strong,4,2
1242,1261,2001-05-27,2001-06-15,2001-06-11,20,3.1338491139327047,2.220050261994256,44.40100523988512,2,Strong,4,2
1707,1719,2002-09-04,2002-09-16,2002-09-11,13,4.213251722521612,2.9947158681747266,38.93130628627144,2,Strong,4,2
1891,1897,2003-03-07,2003-03-13,2003-03-09,7,2.6598177366908438,2.2628637687099786,15.84004638096985,1,Moderate,4,2
2069,2073,2003-09-01,2003-09-05,2003-09-05,5,2.450282611380178,2.2176294243324213,11.088147121662107,1,Moderate,4,2
2283,2294,2004-04-02,2004-04-13,2004-04-07,12,2.7636493980880914,2.332626784547737,27.991521414572844,1,Moderate,4,2
2579,2589,2005-01-23,2005-02-02,2005-02-01,11,2.648743978913771,2.1553571827859086,23.708929010644994,1,Moderate,4,2
2737,2759,2005-06-30,2005-07-22,2005-07-16,23,3.904628592287903,2.9348151672767075,67.50074884736428,2,Strong,4,2
2822,2852,2005-09-23,2005-10-23,2005-10-04,31,4.8101982386380335,3.4669947698668246,107.47683786587156,2,Strong,4,2
2887,2896,2005-11-27,2005-12-06,2005-11-29,10,2.9697264817492712,2.3791036695324714,23.791036695324713,1,Moderate,4,2
2923,2928,2006-01-02,2006-01-07,2006-01-03,6,2.2787540193684155,1.8658526270218057,11.195115762130834,1,Moderate,4,2
3126,3130,2006-07-24,2006-07-28,2006-07-26,5,2.4690344277616063,1.8013436305926043,9.006718152963021,1,Moderate,4,2
3643,3653,2007-12-23,2008-01-02,2007-12-31,11,3.028282584321067,2.1276307656412685,23.403938422053955,2,Strong,4,2
3710,3727,2008-02-28,2008-03-16,2008-03-01,18,3.352300673023226,2.341911249531881,42.154402491573855,1,Moderate,4,2
3961,4001,2008-11-05,2008-12-15,2008-11-11,41,5.255417977167369,3.9510853847087914,161.99450077306045,3,Severe,4,2
4029,4035,2009-01-12,2009-01-18,2009-01-16,7,2.5463560407425216,2.105344302318118,14.737410116226828,1,Moderate,4,2
4458,4462,2010-03-17,2010-03-21,2010-03-21,5,1.8253045533879568,1.6895137810992584,8.447568905496292,1,Moderate,4,2
4630,4643,2010-09-05,2010-09-18,2010-09-11,14,3.209951245286703,2.7402116473314635,38.36296306264049,1,Moderate,4,2
4707,4712,2010-11-21,2010-11-26,2010-11-25,6,2.602534013045048,2.2384256660057393,13.430553996034435,1,Moderate,4,2
4783,4788,2011-02-05,2011-02-10,2011-02-09,6,2.298187108558677,1.9737699440004748,11.842619664002848,1,Moderate,4,2
4835,4845,2011-03-29,2011-04-08,2011-04-05,11,2.3248566762005147,1.9356241501865517,21.291865652052067,1,Moderate,4,2
4878,4884,2011-05-11,2011-05-17,2011-05-13,7,2.041255780133003,1.7239874228821692,12.067911960175184,1,Moderate,4,2
4949,4954,2011-07-21,2011-07-26,2011-07-24,6,2.1528552328953943,1.8202578135042031,10.921546881025218,1,Moderate,4,2
5398,5412,2012-10-12,2012-10-26,2012-10-20,15,4.980328229232088,3.675613198363829,55.13419797545744,2,Strong,4,2
5596,5606,2013-04-28,2013-05-08,2013-05-06,11,2.6022211715871,1.9039996165190436,20.94399578170948,1,Moderate,4,2
5643,5648,2013-06-14,2013-06-19,2013-06-18,6,2.466206321875454,1.9604398701801056,11.762639221080633,1,Moderate,4,2
5712,5720,2013-08-22,2013-08-30,2013-08-24,9,2.356658030952765,1.9967382270447775,17.970644043403,1,Moderate,4,2
5792,5796,2013-11-10,2013-11-14,2013-11-13,5,3.423924748770091,2.5258026059496648,12.629013029748323,1,Moderate,4,2
5824,5829,2013-12-12,2013-12-17,2013-12-13,6,1.8112153965278583,1.671221231212031,10.027327387272186,1,Moderate,4,2
5876,5913,2014-02-02,2014-03-11,2014-02-26,38,6.681604952053277,4.700107797292963,178.6040962971326,4,Extreme,4,2
6000,6010,2014-06-06,2014-06-16,2014-06-14,11,2.6603650902368123,1.8502884560161144,20.35317301617726,1,Moderate,4,2
6021,6033,2014-06-27,2014-07-09,2014-07-03,13,3.491414379993614,2.359813532583024,30.677575923579308,2,Strong,4,2
6300,6304,2015-04-02,2015-04-06,2015-04-03,5,2.0646145134642513,1.8888175029976917,9.444087514988459,1,Moderate,4,2
6470,6489,2015-09-19,2015-10-08,2015-10-01,20,3.399746715116848,2.4896660739369962,49.79332147873993,1,Moderate,4,2
6697,6708,2016-05-03,2016-05-14,2016-05-06,12,2.5653465705142082,2.114773199521624,25.37727839425949,1,Moderate,4,2
7156,7163,2017-08-05,2017-08-12,2017-08-12,8,2.448176477015682,1.7513171700985466,14.010537360788373,1,Moderate,4,2
7329,7375,2018-01-25,2018-03-12,2018-01-29,47,3.250859925671559,2.4739107541918766,116.2738054470182,2,Strong,4,2
7446,7466,2018-05-22,2018-06-11,2018-05-30,21,3.8980523604816497,2.491868251536918,52.32923328227528,2,Strong,4,2
7653,7662,2018-12-15,2018-12-24,2018-12-20,10,2.843064839950344,2.339112283755034,23.39112283755034,2,Strong,4,2
7712,7720,2019-02-12,2019-02-20,2019-02-16,9,2.9767596719266773,2.3259406136942564,20.93346552324831,1,Moderate,4,2
7777,7788,2019-04-18,2019-04-29,2019-04-24,12,3.3629188800348224,2.5194730577868616,30.233676693442337,2,Strong,4,2
7814,7835,2019-05-25,2019-06-15,2019-06-04,22,3.444727033098914,2.596578627866449,57.124729813061876,2,Strong,4,2
7840,7844,2019-06-20,2019-06-24,2019-06-24,5,2.4207100115190165,1.827625977221397,9.138129886106984,1,Moderate,4,2
8122,8126,2020-03-28,2020-04-01,2020-03-30,5,2.189812085485844,1.7971698830109184,8.985849415054592,1,Moderate,4,2
8173,8182,2020-05-18,2020-05-27,2020-05-26,10,2.346379982075799,1.9080162576295414,19.080162576295415,1,Moderate,4,2
8234,8238,2020-07-18,2020-07-22,2020-07-21,5,2.9785596277092026,2.47536662067433,12.376833103371649,2,Strong,4,2
8320,8332,2020-10-12,2020-10-24,2020-10-20,13,3.897289869594717,3.270104780549789,42.51136214714726,2,Strong,4,2
8452,8457,2021-02-21,2021-02-26,2021-02-24,6,2.05594193198481,1.761594016148906,10.569564096893437,1,Moderate,4,2
8701,8708,2021-10-28,2021-11-04,2021-11-01,8,3.2988846595691097,2.7124481166092362,21.69958493287389,1,Moderate,4,2
8842,8866,2022-03-18,2022-04-11,2022-04-06,25,4.187275001657566,3.1343807269354667,78.35951817338666,2,Strong,4,2
9036,9050,2022-09-28,2022-10-12,2022-10-03,15,3.4735808784587086,2.745735924516445,41.186038867746674,1,Moderate,4,2
9296,9342,2023-06-15,2023-07-31,2023-07-05,47,4.4130479423075,2.7274695538582105,128.1910690313359,3,Severe,4,2
9353,9358,2023-08-11,2023-08-16,2023-08-15,6,2.6873256344336127,2.204217249443793,13.225303496662757,1,Moderate,4,2
9422,9431,2023-10-19,2023-10-28,2023-10-22,10,3.3371131301356645,2.6019556756601134,26.019556756601133,1,Moderate,4,2
9435,9472,2023-11-01,2023-12-08,2023-11-07,38,3.7385061965512794,2.523478715534167,95.89219119029835,2,Strong,4,2
152,162,1998-06-02,1998-06-12,1998-06-08,11,2.991643074248522,2.221750048923844,24.439250538162288,2,Strong,4,3
181,198,1998-07-01,1998-07-18,1998-07-07,18,3.386314638284759,2.4182355721258335,43.528240298265004,2,Strong,4,3
235,239,1998-08-24,1998-08-28,1998-08-25,5,2.2135531174953584,1.929156989010341,9.645784945051705,1,Moderate,4,3
506,515,1999-05-22,1999-05-31,1999-05-26,10,1.9530268899035264,1.645356791396853,16.45356791396853,1,Moderate,4,3
535,543,1999-06-20,1999-06-28,1999-06-26,9,2.9532424284545833,2.1538245833288516,19.384421249959665,1,Moderate,4,3
568,573,1999-07-23,1999-07-28,1999-07-25,6,2.6601433227013693,1.8985365576223554,11.391219345734132,1,Moderate,4,3
839,843,2000-04-19,2000-04-23,2000-04-22,5,2.4735615758986818,1.9267183201138465,9.633591600569233,1,Moderate,4,3
1196,1220,2001-04-11,2001-05-05,2001-05-01,25,3.0365843897386995,2.4440611949998954,61.10152987499738,2,Strong,4,3
1226,1235,2001-05-11,2001-05-20,2001-05-14,10,2.504503439925603,1.7371065583089589,17.37106558308959,1,Moderate,4,3
1987,1994,2003-06-11,2003-06-18,2003-06-14,8,2.4962401475971703,2.1353973352063362,17.08317868165069,1,Moderate,4,3
2001,2009,2003-06-25,2003-07-03,2003-07-02,9,2.615772370024544,2.2734069261022007,20.460662334919807,1,Moderate,4,3
2126,2145,2003-10-28,2003-11-16,2003-11-10,20,3.4245214545329095,2.492414731942666,49.848294638853325,1,Moderate,4,3
2276,2280,2004-03-26,2004-03-30,2004-03-28,5,2.766564771354867,2.456484090646082,12.28242045323041,1,Moderate,4,3
2566,2570,2005-01-10,2005-01-14,2005-01-13,5,2.9277300755541305,2.3331083800753136,11.665541900376567,1,Moderate,4,3
2574,2590,2005-01-18,2005-02-03,2005-01-22,17,2.942874429695049,2.4398811586062124,41.47797969630561,1,Moderate,4,3
2594,2606,2005-02-07,2005-02-19,2005-02-09,13,3.3216686939234865,2.5783400715896985,33.51842093066608,1,Moderate,4,3
2871,2879,2005-11-11,2005-11-19,2005-11-12,9,2.570931844371634,2.1577161471914383,19.419445324722943,1,Moderate,4,3
2891,2928,2005-12-01,2006-01-07,2005-12-31,38,4.13256893384202,2.737187539347587,104.01312649520831,2,Strong,4,3
2939,2944,2006-01-18,2006-01-23,2006-01-19,6,2.7649902306249245,2.4384126237896937,14.630475742738161,1,Moderate,4,3
3309,3316,2007-01-23,2007-01-30,2007-01-29,8,2.330373421344408,2.174869668563963,17.398957348511704,1,Moderate,4,3
3339,3356,2007-02-22,2007-03-11,2007-03-02,18,3.6576244014882455,3.0984864554373495,55.77275619787229,1,Moderate,4,3
4019,4024,2009-01-02,2009-01-07,2009-01-03,6,2.7679109848666634,2.379295308380883,14.275771850285299,1,Moderate,4,3
4209,4224,2009-07-11,2009-07-26,2009-07-14,16,2.992752999884466,2.2578118024699885,36.124988839519816,2,Strong,4,3
4313,4319,2009-10-23,2009-10-29,2009-10-27,7,3.100917097758815,2.232860730111897,15.630025110783277,1,Moderate,4,3
4424,4428,2010-02-11,2010-02-15,2010-02-13,5,2.867178601897507,2.4091517842586128,12.045758921293064,1,Moderate,4,3
4471,4485,2010-03-30,2010-04-13,2010-04-08,15,3.8908676181718693,3.183180690476491,47.74771035714737,2,Strong,4,3
4617,4623,2010-08-23,2010-08-29,2010-08-26,7,2.3732365536930686,2.1575264224581687,15.102684957207181,1,Moderate,4,3
5001,5008,2011-09-11,2011-09-18,2011-09-16,8,2.9365444843503283,2.1755018181578145,17.404014545262516,1,Moderate,4,3
5021,5027,2011-10-01,2011-10-07,2011-10-02,7,2.1624928843621305,1.8740287751603932,13.118201426122752,1,Moderate,4,3
5034,5038,2011-10-14,2011-10-18,2011-10-15,5,2.4362428800116795,2.0159577526394408,10.079788763197204,1,Moderate,4,3
5335,5339,2012-08-10,2012-08-14,2012-08-11,5,2.2446844572490363,1.9774601192151693,9.887300596075846,1,Moderate,4,3
5374,5378,2012-09-18,2012-09-22,2012-09-20,5,2.2214067691319848,1.9535795234362774,9.767897617181386,1,Moderate,4,3
5478,5484,2012-12-31,2013-01-06,2013-01-02,7,2.9455064421392176,2.5797351150791377,18.058145805553963,1,Moderate,4,3
5523,5531,2013-02-14,2013-02-22,2013-02-19,9,4.0953597219158695,3.290877781859774,29.617900036737964,2,Strong,4,3
5603,5613,2013-05-05,2013-05-15,2013-05-11,11,2.127200868785838,1.5957920440369342,17.553712484406276,1,Moderate,4,3
5648,5669,2013-06-19,2013-07-10,2013-06-24,22,3.24649534175801,2.2664020839448007,49.860845846785615,2,Strong,4,3
5707,5719,2013-08-17,2013-08-29,2013-08-25,13,2.6089955780382077,2.2175140629826786,28.82768281877482,1,Moderate,4,3
5898,5914,2014-02-24,2014-03-12,2014-02-26,17,3.4049369019126026,2.5857453327594797,43.957670656911155,1,Moderate,4,3
5919,5937,2014-03-17,2014-04-04,2014-03-28,19,5.443516700391848,3.5808454266974596,68.03606310725174,2,Strong,4,3
6061,6069,2014-08-06,2014-08-14,2014-08-08,9,2.5513033704358286,2.0924610737919833,18.83214966412785,1,Moderate,4,3
6075,6083,2014-08-20,2014-08-28,2014-08-23,9,2.829607045668393,2.305661517609205,20.750953658482846,1,Moderate,4,3
6118,6128,2014-10-02,2014-10-12,2014-10-06,11,4.463152973012811,3.588558677357767,39.47414545093544,2,Strong,4,3
6408,6412,2015-07-19,2015-07-23,2015-07-22,5,1.7524045658648824,1.65915083920819,8.29575419604095,1,Moderate,4,3
6444,6449,2015-08-24,2015-08-29,2015-08-28,6,2.3468888667004535,1.9727646365246614,11.836587819147969,1,Moderate,4,3
6477,6483,2015-09-26,2015-10-02,2015-10-01,7,2.414318640278033,2.0432599933577005,14.302819953503903,1,Moderate,4,3
6823,6837,2016-09-06,2016-09-20,2016-09-14,15,3.4701154920088584,2.8025525151111785,42.038287726667676,2,Strong,4,3
7629,7633,2018-11-21,2018-11-25,2018-11-21,5,2.201266534690541,2.010129046877646,10.050645234388229,1,Moderate,4,3
7814,7825,2019-05-25,2019-06-05,2019-05-30,12,3.5598731158828905,2.3765691818122394,28.518830181746875,2,Strong,4,3
7911,7915,2019-08-30,2019-09-03,2019-08-31,5,2.3920940012632776,2.0619716832449804,10.309858416224902,1,Moderate,4,3
8245,8252,2020-07-29,2020-08-05,2020-08-01,8,2.96342772459813,2.2845358369687,18.2762866957496,2,Strong,4,3
8341,8345,2020-11-02,2020-11-06,2020-11-03,5,2.644092287124101,2.0990312729275935,10.495156364637968,1,Moderate,4,3
8471,8482,2021-03-12,2021-03-23,2021-03-18,12,3.424289500025397,2.534091966949264,30.409103603391166,1,Moderate,4,3
8549,8559,2021-05-29,2021-06-08,2021-05-30,11,2.8511499275717433,2.115809308439806,23.27390239283787,2,Strong,4,3
8585,8597,2021-07-04,2021-07-16,2021-07-08,13,3.940612493560785,2.4813061434968904,32.25697986545958,2,Strong,4,3
8657,8665,2021-09-14,2021-09-22,2021-09-19,9,3.008683090732159,2.337940889572326,21.041468006150936,1,Moderate,4,3
9257,9266,2023-05-07,2023-05-16,2023-05-08,10,2.2801849539376917,1.8581921847671612,18.581921847671612,1,Moderate,4,3
9365,9374,2023-08-23,2023-09-01,2023-08-28,10,3.0919620155246186,2.448245492103324,24.482454921033238,1,Moderate,4,3
9392,9400,2023-09-19,2023-09-27,2023-09-25,9,4.053434649139501,2.8858470469626587,25.97262342266393,2,Strong,4,3
98,106,1998-04-09,1998-04-17,1998-04-10,9,2.61968743785145,2.177559647888048,19.598036830992434,1,Moderate,4,4
130,173,1998-05-11,1998-06-23,1998-06-15,44,4.189018851777579,3.111826877446278,136.92038260763624,2,Strong,4,4
244,248,1998-09-02,1998-09-06,1998-09-04,5,2.2680153280573982,1.8929806040204795,9.464903020102398,1,Moderate,4,4
372,376,1999-01-08,1999-01-12,1999-01-10,5,2.783370631748607,2.0741069912582955,10.370534956291477,1,Moderate,4,4
519,524,1999-06-04,1999-06-09,1999-06-07,6,2.678151653243148,2.3230153090069763,13.938091854041858,1,Moderate,4,4
959,963,2000-08-17,2000-08-21,2000-08-21,5,2.2365628310214483,1.9957269902757795,9.978634951378897,1,Moderate,4,4
989,1039,2000-09-16,2000-11-05,2000-10-07,51,5.466399946622598,3.469879541645059,176.963856623898,3,Severe,4,4
1124,1130,2001-01-29,2001-02-04,2001-02-02,7,3.0576191943677475,2.241545875789084,15.690821130523588,1,Moderate,4,4
1217,1221,2001-05-02,2001-05-06,2001-05-05,5,2.5415400768752043,2.1200827930383257,10.600413965191628,1,Moderate,4,4
1937,1941,2003-04-22,2003-04-26,2003-04-25,5,1.9980783233526154,1.8029694210006404,9.014847105003202,1,Moderate,4,4
2009,2020,2003-07-03,2003-07-14,2003-07-11,12,2.8207378474118805,2.152792885106438,25.83351462127726,1,Moderate,4,4
2261,2272,2004-03-11,2004-03-22,2004-03-17,12,3.704781180086318,3.1864013856514863,38.23681662781784,1,Moderate,4,4
2523,2528,2004-11-28,2004-12-03,2004-12-03,6,2.480986015669373,2.119019288303512,12.714115729821073,1,Moderate,4,4
2909,2914,2005-12-19,2005-12-24,2005-12-21,6,2.5566010315616463,2.1795647126923785,13.077388276154272,1,Moderate,4,4
3485,3518,2007-07-18,2007-08-20,2007-07-21,34,3.1256422201220353,2.3785872239863073,80.87196561553445,1,Moderate,4,4
3592,3596,2007-11-02,2007-11-06,2007-11-04,5,2.502443724050872,2.1107338494785592,10.553669247392795,1,Moderate,4,4
3606,3615,2007-11-16,2007-11-25,2007-11-21,10,2.988327447689871,2.2501496852460234,22.501496852460235,2,Strong,4,4
4047,4051,2009-01-30,2009-02-03,2009-02-01,5,2.7088355366454095,2.2322812999100354,11.161406499550177,1,Moderate,4,4
4177,4184,2009-06-09,2009-06-16,2009-06-10,8,2.9770731903761565,2.4694517330674786,19.75561386453983,1,Moderate,4,4
4219,4223,2009-07-21,2009-07-25,2009-07-23,5,2.8609880800449794,2.502233474885666,12.511167374428329,1,Moderate,4,4
4326,4330,2009-11-05,2009-11-09,2009-11-06,5,2.2119766623175785,1.9848684063618758,9.92434203180938,1,Moderate,4,4
4408,4414,2010-01-26,2010-02-01,2010-01-31,7,2.7662685714348623,2.2240203655945554,15.568142559161888,1,Moderate,4,4
4922,4938,2011-06-24,2011-07-10,2011-06-26,17,4.3142069795573015,2.6949188357278926,45.81362020737417,2,Strong,4,4
5159,5164,2012-02-16,2012-02-21,2012-02-19,6,3.264880630041926,2.7854020086471416,16.71241205188285,1,Moderate,4,4
5179,5193,2012-03-07,2012-03-21,2012-03-10,15,4.407236551077441,3.3854571708701613,50.78185756305242,1,Moderate,4,4
5404,5408,2012-10-18,2012-10-22,2012-10-20,5,2.9395708601875796,2.46679425739421,12.333971286971051,1,Moderate,4,4
5809,5818,2013-11-27,2013-12-06,2013-11-29,10,2.2779281581646504,1.8673679135051842,18.67367913505184,1,Moderate,4,4
5961,5966,2014-04-28,2014-05-03,2014-04-29,6,2.1481998718478437,1.8154642325225072,10.892785395135043,1,Moderate,4,4
6210,6232,2015-01-02,2015-01-24,2015-01-08,23,3.829249193821818,2.4449189291024145,56.23313536935554,2,Strong,4,4
6238,6244,2015-01-30,2015-02-05,2015-02-04,7,3.4041993443536196,2.599652312408007,18.197566186856047,1,Moderate,4,4
6253,6290,2015-02-14,2015-03-23,2015-03-16,38,4.6084881874940375,3.3620838062502894,127.759184637511,1,Moderate,4,4
6299,6320,2015-04-01,2015-04-22,2015-04-14,22,3.859476162419117,2.556436232950639,56.24159712491406,2,Strong,4,4
6352,6357,2015-05-24,2015-05-29,2015-05-27,6,2.8657780643791817,2.4862063487903288,14.917238092741972,1,Moderate,4,4
6405,6412,2015-07-16,2015-07-23,2015-07-20,8,2.8814212490201285,2.4594122235366527,19.67529778829322,1,Moderate,4,4
6419,6424,2015-07-30,2015-08-04,2015-08-02,6,2.733320114844542,2.35665186769539,14.13991120617234,1,Moderate,4,4
6551,6555,2015-12-09,2015-12-13,2015-12-11,5,2.5113225792420355,2.078663464016733,10.393317320083666,1,Moderate,4,4
6796,6826,2016-08-10,2016-09-09,2016-08-24,31,3.631799460188656,2.437468880389589,75.56153529207727,2,Strong,4,4
6982,6995,2017-02-12,2017-02-25,2017-02-19,14,5.161558886413509,3.670948862686027,51.39328407760438,2,Strong,4,4
7291,7308,2017-12-18,2018-01-04,2017-12-30,18,3.857703332775529,2.4552356084132865,44.194240951439156,2,Strong,4,4
7400,7405,2018-04-06,2018-04-11,2018-04-08,6,2.6276203949956773,2.099955492367591,12.599732954205548,1,Moderate,4,4
8010,8029,2019-12-07,2019-12-26,2019-12-18,20,2.764645934037601,2.0003862420876057,40.007724841752115,1,Moderate,4,4
8116,8129,2020-03-22,2020-04-04,2020-03-30,14,6.0545225891464,4.228361928313823,59.19706699639352,2,Strong,4,4
8146,8169,2020-04-21,2020-05-14,2020-05-09,24,3.0651677994180915,2.133665752777491,51.20797806665979,2,Strong,4,4
8487,8502,2021-03-28,2021-04-12,2021-04-05,16,3.5242033437613838,2.622064370191663,41.95302992306661,1,Moderate,4,4
8717,8724,2021-11-13,2021-11-20,2021-11-19,8,2.733086875875836,2.038947692100028,16.311581536800222,1,Moderate,4,4
8777,8782,2022-01-12,2022-01-17,2022-01-14,6,2.5581482575789156,2.272827268541555,13.63696361124933,1,Moderate,4,4
9175,9196,2023-02-14,2023-03-07,2023-02-26,22,4.434521794921766,3.309625973163777,72.8117714096031,1,Moderate,4,4
9247,9253,2023-04-27,2023-05-03,2023-05-02,7,2.4944225517758127,2.076277957459303,14.53394570221512,1,Moderate,4,4
9380,9387,2023-09-07,2023-09-14,2023-09-11,8,2.6612255768743367,2.045786761783752,16.366294094270017,1,Moderate,4,4
9486,9495,2023-12-22,2023-12-31,2023-12-27,10,3.1217182665724827,2.70746276440413,27.0746276440413,1,Moderate,4,4
202,207,1998-07-22,1998-07-27,1998-07-24,6,3.0320420081867354,2.2863003992531468,13.71780239551888,2,Strong,4,5
389,404,1999-01-25,1999-02-09,1999-02-03,16,5.751687045972204,4.373637076496035,69.97819322393656,3,Severe,4,5
486,501,1999-05-02,1999-05-17,1999-05-06,16,3.151780991706339,2.564955859395073,41.03929375032117,1,Moderate,4,5
816,884,2000-03-27,2000-06-03,2000-05-22,69,3.935933202886879,2.727643293201911,188.20738723093186,1,Moderate,4,5
2308,2314,2004-04-27,2004-05-03,2004-04-28,7,3.0342876141298554,2.6466493572472487,18.52654550073074,1,Moderate,4,5
2342,2350,2004-05-31,2004-06-08,2004-06-04,9,2.636889108644528,2.2219193115331297,19.997273803798166,1,Moderate,4,5
2369,2373,2004-06-27,2004-07-01,2004-06-29,5,2.09602772497027,1.9652057579139097,9.826028789569548,1,Moderate,4,5
2463,2473,2004-09-29,2004-10-09,2004-10-04,11,2.638946478640843,2.10454100825172,23.14995109076892,1,Moderate,4,5
2776,2781,2005-08-08,2005-08-13,2005-08-11,6,3.0914413132657366,2.6069205534650837,15.641523320790501,1,Moderate,4,5
2832,2838,2005-10-03,2005-10-09,2005-10-07,7,2.4159725546545765,2.056107138051668,14.392749966361674,1,Moderate,4,5
2852,2861,2005-10-23,2005-11-01,2005-10-26,10,3.08714353438973,2.387411774968281,23.874117749682807,1,Moderate,4,5
3270,3298,2006-12-15,2007-01-12,2007-01-05,29,4.6716599305443705,2.4885547758664206,72.1680885001262,3,Severe,4,5
3453,3468,2007-06-16,2007-07-01,2007-06-21,16,2.789057596552283,2.362588480619251,37.80141568990802,1,Moderate,4,5
3778,3784,2008-05-06,2008-05-12,2008-05-08,7,3.0608375632299953,2.7112391150950836,18.978673805665586,1,Moderate,4,5
4086,4091,2009-03-10,2009-03-15,2009-03-15,6,2.906434308463705,2.5625678780475494,15.375407268285295,1,Moderate,4,5
4101,4119,2009-03-25,2009-04-12,2009-04-02,19,3.2439725048453756,2.4846538700992467,47.208423531885686,1,Moderate,4,5
4283,4287,2009-09-23,2009-09-27,2009-09-24,5,2.4292286250369273,2.1024604634093245,10.512302317046622,1,Moderate,4,5
4687,4728,2010-11-01,2010-12-12,2010-11-13,42,5.3657559922876725,3.387954739840102,142.2940990732843,2,Strong,4,5
4776,4796,2011-01-29,2011-02-18,2011-02-16,21,3.32479359136566,2.32637732946184,48.85392391869864,1,Moderate,4,5
4806,4814,2011-02-28,2011-03-08,2011-03-03,9,3.617989358143495,2.885517878321058,25.969660904889523,1,Moderate,4,5
4818,4823,2011-03-12,2011-03-17,2011-03-16,6,2.9583031316003563,2.688254553070052,16.129527318420312,1,Moderate,4,5
5126,5147,2012-01-14,2012-02-04,2012-01-24,22,5.537903996781173,3.204561671702337,70.50035677745142,3,Severe,4,5
5158,5186,2012-02-15,2012-03-14,2012-02-21,29,4.545728114158221,2.9596531974903195,85.82994272721926,2,Strong,4,5
5338,5344,2012-08-13,2012-08-19,2012-08-16,7,2.988908997015301,2.6078388912026393,18.254872238418475,1,Moderate,4,5
5405,5409,2012-10-19,2012-10-23,2012-10-23,5,2.1120390224885455,1.8056804649141174,9.028402324570587,1,Moderate,4,5
5643,5663,2013-06-14,2013-07-04,2013-06-28,21,2.9005569543706287,2.1953793839154097,46.1029670622236,1,Moderate,4,5
5803,5807,2013-11-21,2013-11-25,2013-11-23,5,2.292680775011565,2.0124585783712035,10.062292891856018,1,Moderate,4,5
6056,6065,2014-08-01,2014-08-10,2014-08-08,10,3.2747223457841983,2.74184852239022,27.4184852239022,1,Moderate,4,5
6111,6121,2014-09-25,2014-10-05,2014-09-29,11,3.1318879857096285,2.5393199250274545,27.932519175301998,1,Moderate,4,5
6153,6161,2014-11-06,2014-11-14,2014-11-10,9,3.1405521381757175,2.7032808681687492,24.329527813518744,1,Moderate,4,5
6529,6536,2015-11-17,2015-11-24,2015-11-20,8,3.056626709388569,2.2922236111834144,18.337788889467316,1,Moderate,4,5
6627,6635,2016-02-23,2016-03-02,2016-02-24,9,3.4691844338271434,2.7884256625190815,25.095830962671734,1,Moderate,4,5
6656,6666,2016-03-23,2016-04-02,2016-03-29,11,3.0804719471547504,2.5781250919394547,28.359376011334,1,Moderate,4,5
6788,6800,2016-08-02,2016-08-14,2016-08-13,13,2.942444826234034,2.464996434952771,32.04495365438602,1,Moderate,4,5
6824,6839,2016-09-07,2016-09-22,2016-09-20,16,2.9693719268587664,2.3332305385290972,37.331688616465556,1,Moderate,4,5
7096,7101,2017-06-06,2017-06-11,2017-06-08,6,2.70870584189451,2.319706836905267,13.918241021431601,1,Moderate,4,5
7188,7195,2017-09-06,2017-09-13,2017-09-09,8,3.13291409669187,2.5493596503259677,20.39487720260774,1,Moderate,4,5
7617,7631,2018-11-09,2018-11-23,2018-11-15,15,2.985034216196393,2.3744245619662467,35.616368429493704,1,Moderate,4,5
7664,7677,2018-12-26,2019-01-08,2018-12-30,14,3.5565981266527302,2.19963342961461,30.79486801460454,2,Strong,4,5
7945,7950,2019-10-03,2019-10-08,2019-10-05,6,2.2488621214831355,1.8028366494488715,10.817019896693228,1,Moderate,4,5
8023,8030,2019-12-20,2019-12-27,2019-12-22,8,2.0618564655151985,1.6181519120917043,12.945215296733634,1,Moderate,4,5
8184,8190,2020-05-29,2020-06-04,2020-05-31,7,3.029075691429952,2.441790087367021,17.092530611569146,1,Moderate,4,5
8228,8240,2020-07-12,2020-07-24,2020-07-15,13,3.239878860250201,2.2566514712505596,29.336469126257274,2,Strong,4,5
8744,8748,2021-12-10,2021-12-14,2021-12-12,5,1.6548896351819398,1.5570298570692203,7.785149285346101,1,Moderate,4,5
9132,9166,2023-01-02,2023-02-05,2023-01-12,35,3.5034270025670757,2.463034695123998,86.20621432933993,2,Strong,4,5
9180,9185,2023-02-19,2023-02-24,2023-02-24,6,2.5872680846213356,2.2929503801474818,13.75770228088489,1,Moderate,4,5
9432,9437,2023-10-29,2023-11-03,2023-10-30,6,2.7775665077904463,2.305106389782996,13.830638338697977,1,Moderate,4,5
147,153,1998-05-28,1998-06-03,1998-05-31,7,2.750733282143866,2.2682426974274357,15.87769888199205,1,Moderate,5,0
231,235,1998-08-20,1998-08-24,1998-08-23,5,2.702245080590334,2.25957168371309,11.29785841856545,1,Moderate,5,0
242,250,1998-08-31,1998-09-08,1998-09-01,9,2.916117349509065,2.6590090486799913,23.93108143811992,1,Moderate,5,0
545,559,1999-06-30,1999-07-14,1999-07-01,15,2.948942902636965,2.154163672604767,32.312455089071506,2,Strong,5,0
652,662,1999-10-15,1999-10-25,1999-10-20,11,3.249518490513255,2.5186890192930083,27.705579212223093,1,Moderate,5,0
1266,1270,2001-06-20,2001-06-24,2001-06-23,5,2.7982808851131153,2.1262446482571944,10.631223241285973,2,Strong,5,0
1308,1369,2001-08-01,2001-10-01,2001-08-23,62,6.630952454500186,4.070877301574407,252.39439269761323,3,Severe,5,0
1568,1591,2002-04-18,2002-05-11,2002-04-28,24,3.3906163211502225,2.4577493117833,58.9859834827992,2,Strong,5,0
2028,2034,2003-07-22,2003-07-28,2003-07-24,7,2.4558229816709094,1.8905279840868967,13.233695888608278,1,Moderate,5,0
2098,2104,2003-09-30,2003-10-06,2003-10-01,7,2.975624472961705,2.42840193496462,16.99881354475234,1,Moderate,5,0
2169,2211,2003-12-10,2004-01-21,2004-01-10,43,3.789404515901092,2.649925513479501,113.94679707961853,2,Strong,5,0
3054,3058,2006-05-13,2006-05-17,2006-05-15,5,2.311141575273627,2.0539881059950638,10.269940529975319,1,Moderate,5,0
4081,4094,2009-03-05,2009-03-18,2009-03-16,14,3.4740198406294613,2.9881369817004226,41.83391774380592,1,Moderate,5,0
4109,4123,2009-04-02,2009-04-16,2009-04-06,15,4.476538487604008,2.709782322702258,40.64673484053387,2,Strong,5,0
4136,4142,2009-04-29,2009-05-05,2009-05-03,7,3.5114352702864373,2.434779602759593,17.04345721931715,2,Strong,5,0
4416,4432,2010-02-03,2010-02-19,2010-02-06,17,2.504354462201233,2.164111610997981,36.78989738696568,1,Moderate,5,0
4804,4816,2011-02-26,2011-03-10,2011-03-07,13,3.029306198026175,2.530579150944888,32.897528962283545,1,Moderate,5,0
4820,4828,2011-03-14,2011-03-22,2011-03-16,9,3.411423123424301,2.6519239832975106,23.867315849677595,1,Moderate,5,0
5065,5071,2011-11-14,2011-11-20,2011-11-19,7,2.5389579492768863,2.1746922936605335,15.222846055623734,1,Moderate,5,0
5079,5084,2011-11-28,2011-12-03,2011-11-29,6,2.373401942632743,2.075801456276636,12.454808737659814,1,Moderate,5,0
5310,5318,2012-07-16,2012-07-24,2012-07-21,9,2.346009490033577,1.7817778950467433,16.03600105542069,1,Moderate,5,0
5323,5331,2012-07-29,2012-08-06,2012-08-05,9,2.2444530449979467,1.8609999835583908,16.748999852025516,1,Moderate,5,0
5600,5604,2013-05-02,2013-05-06,2013-05-03,5,2.1702894419443943,1.9179955974276175,9.589977987138088,1,Moderate,5,0
5614,5625,2013-05-16,2013-05-27,2013-05-19,12,2.8264125374556848,2.285772337078357,27.429268044940283,1,Moderate,5,0
5826,5874,2013-12-14,2014-01-31,2014-01-23,49,4.7566774531500755,3.507300661320269,171.8577324046932,2,Strong,5,0
5903,5908,2014-03-01,2014-03-06,2014-03-04,6,2.9191567573638952,2.4136722575908287,14.482033545544972,1,Moderate,5,0
6244,6249,2015-02-05,2015-02-10,2015-02-09,6,2.343994895670665,2.0300456797909674,12.180274078745803,1,Moderate,5,0
6648,6656,2016-03-15,2016-03-23,2016-03-18,9,3.0966799428864604,2.5990529669826654,23.39147670284399,1,Moderate,5,0
6660,6665,2016-03-27,2016-04-01,2016-03-28,6,3.290095651379964,2.472303367476616,14.833820204859697,1,Moderate,5,0
6674,6679,2016-04-10,2016-04-15,2016-04-14,6,3.520178735940897,2.4050675728267663,14.430405436960598,2,Strong,5,0
6715,6732,2016-05-21,2016-06-07,2016-05-28,18,3.5007848301857294,2.3463043600621325,42.23347848111838,2,Strong,5,0
6738,6743,2016-06-13,2016-06-18,2016-06-15,6,2.1583813759093466,1.883589844697875,11.30153906818725,1,Moderate,5,0
6828,6839,2016-09-11,2016-09-22,2016-09-15,12,4.096757077803851,3.0515166598596797,36.61819991831616,1,Moderate,5,0
6846,6851,2016-09-29,2016-10-04,2016-10-02,6,3.024150352433434,2.532815487299539,15.196892923797236,1,Moderate,5,0
6856,6906,2016-10-09,2016-11-28,2016-10-18,51,5.270314217638596,2.8610352994158834,145.91280027021006,2,Strong,5,0
7114,7133,2017-06-24,2017-07-13,2017-07-06,20,3.562393823435169,2.6400808964474187,52.801617928948374,2,Strong,5,0
7838,7855,2019-06-18,2019-07-05,2019-06-22,18,2.7492083704296917,2.0720473944638464,37.29685310034924,2,Strong,5,0
7867,7881,2019-07-17,2019-07-31,2019-07-20,15,2.729479684084975,2.0093315480218346,30.139973220327516,1,Moderate,5,0
8015,8023,2019-12-12,2019-12-20,2019-12-13,9,2.8381159217356853,2.4702756834948323,22.23248115145349,1,Moderate,5,0
8113,8133,2020-03-19,2020-04-08,2020-03-20,21,3.149096953151103,2.4756551628224353,51.988758419271136,1,Moderate,5,0
8413,8438,2021-01-13,2021-02-07,2021-01-20,26,3.3200209602341015,2.5375506954346037,65.9763180812997,1,Moderate,5,0
8783,8787,2022-01-18,2022-01-22,2022-01-20,5,2.602661842178941,2.282721430019651,11.413607150098255,1,Moderate,5,0
8814,8825,2022-02-18,2022-03-01,2022-02-26,12,3.2045830084951117,2.232644221418636,26.79173065702363,1,Moderate,5,0
8832,8837,2022-03-08,2022-03-13,2022-03-11,6,2.925555144679983,2.5392176127917825,15.235305676750695,1,Moderate,5,0
9057,9061,2022-10-19,2022-10-23,2022-10-20,5,2.1780182615981776,2.0084964309574103,10.042482154787052,1,Moderate,5,0
9317,9325,2023-07-06,2023-07-14,2023-07-10,9,2.4513727858460435,1.8160888169085179,16.34479935217666,1,Moderate,5,0
764,772,2000-02-04,2000-02-12,2000-02-07,9,2.068166058933958,1.7041032858958762,15.336929573062886,1,Moderate,5,1
1502,1509,2002-02-11,2002-02-18,2002-02-14,8,3.241771308848243,2.1478777091318566,17.183021673054853,2,Strong,5,1
1518,1526,2002-02-27,2002-03-07,2002-03-02,9,3.270123548180406,2.388277241314969,21.49449517183472,2,Strong,5,1
1664,1672,2002-07-23,2002-07-31,2002-07-28,9,3.3876295647886145,2.7244696848742453,24.520227163868206,1,Moderate,5,1
1727,1734,2002-09-24,2002-10-01,2002-09-27,8,2.5372415332494924,2.070734405554898,16.565875244439184,1,Moderate,5,1
1781,1785,2002-11-17,2002-11-21,2002-11-20,5,1.946907468088039,1.7308565419248605,8.654282709624303,1,Moderate,5,1
1805,1816,2002-12-11,2002-12-22,2002-12-18,12,2.731571322480608,2.2783187091591075,27.33982450990929,1,Moderate,5,1
1840,1844,2003-01-15,2003-01-19,2003-01-18,5,1.969175697035375,1.7547395695927743,8.773697847963872,1,Moderate,5,1
2056,2104,2003-08-19,2003-10-06,2003-09-12,49,7.092408859621344,4.853860571535633,237.83916800524602,4,Extreme,5,1
2162,2167,2003-12-03,2003-12-08,2003-12-06,6,2.696927926383456,2.0035744433695113,12.021446660217068,1,Moderate,5,1
2958,2965,2006-02-06,2006-02-13,2006-02-11,8,2.812248658265453,2.1551180968092485,17.240944774473988,2,Strong,5,1
3006,3015,2006-03-26,2006-04-04,2006-03-30,10,3.13439409291289,2.3573363672217065,23.573363672217063,1,Moderate,5,1
3219,3227,2006-10-25,2006-11-02,2006-10-28,9,2.9027079408502896,2.3588033648378866,21.22923028354098,1,Moderate,5,1
3255,3268,2006-11-30,2006-12-13,2006-12-02,14,2.629022181893312,2.302999114604476,32.241987604462665,1,Moderate,5,1
3663,3667,2008-01-12,2008-01-16,2008-01-14,5,2.165579642811613,1.7814622111660963,8.907311055830482,1,Moderate,5,1
3825,3829,2008-06-22,2008-06-26,2008-06-24,5,2.465311078747586,2.1911680997564695,10.955840498782347,1,Moderate,5,1
4071,4075,2009-02-23,2009-02-27,2009-02-26,5,2.306985747401759,1.7949931973933009,8.974965986966504,1,Moderate,5,1
4126,4153,2009-04-19,2009-05-16,2009-04-25,28,3.620209987180518,2.7721357021459485,77.61979966008656,2,Strong,5,1
4475,4505,2010-04-03,2010-05-03,2010-04-28,31,4.702773149811932,3.0585900138514783,94.81629042939583,2,Strong,5,1
4579,4583,2010-07-16,2010-07-20,2010-07-17,5,3.0573205361587448,2.3558390815261725,11.779195407630862,1,Moderate,5,1
4886,4892,2011-05-19,2011-05-25,2011-05-22,7,2.5995271751546767,2.306281602514891,16.14397121760424,1,Moderate,5,1
4911,4919,2011-06-13,2011-06-21,2011-06-14,9,2.7640425322368323,2.320533620337406,20.884802583036656,1,Moderate,5,1
4969,4973,2011-08-10,2011-08-14,2011-08-10,5,2.31645725797193,1.8830955374671845,9.415477687335922,1,Moderate,5,1
5186,5194,2012-03-14,2012-03-22,2012-03-17,9,2.5066478416125584,2.0973034655127716,18.875731189614946,1,Moderate,5,1
5345,5351,2012-08-20,2012-08-26,2012-08-25,7,2.413026117264092,2.0234575277398514,14.164202694178961,1,Moderate,5,1
5629,5658,2013-05-31,2013-06-29,2013-06-12,30,4.315837059571749,2.991590518797105,89.74771556391315,2,Strong,5,1
5732,5740,2013-09-11,2013-09-19,2013-09-15,9,2.932375510278547,2.278477497786079,20.50629748007471,1,Moderate,5,1
6123,6143,2014-10-07,2014-10-27,2014-10-15,21,3.734830146505333,2.7963158778143686,58.722633434101745,1,Moderate,5,1
6161,6172,2014-11-14,2014-11-25,2014-11-17,12,2.5108424976321757,1.840930656369664,22.091167876435968,1,Moderate,5,1
6412,6419,2015-07-23,2015-07-30,2015-07-27,8,3.1375220000407786,2.632173256043411,21.057386048347286,1,Moderate,5,1
6527,6533,2015-11-15,2015-11-21,2015-11-19,7,3.105962899928393,2.491937426894841,17.443561988263887,2,Strong,5,1
6581,6588,2016-01-08,2016-01-15,2016-01-14,8,1.7638039581792118,1.5132636208139616,12.106108966511693,1,Moderate,5,1
6767,6775,2016-07-12,2016-07-20,2016-07-16,9,2.6422259415275207,2.3762725062982417,21.386452556684176,1,Moderate,5,1
6827,6833,2016-09-10,2016-09-16,2016-09-11,7,1.9993273330332961,1.8529976960940207,12.970983872658145,1,Moderate,5,1
6860,6876,2016-10-13,2016-10-29,2016-10-22,17,3.265711376899006,2.579536288933585,43.852116911870944,1,Moderate,5,1
7126,7163,2017-07-06,2017-08-12,2017-07-19,38,5.742801790079298,3.9500408513524294,150.10155235139231,2,Strong,5,1
7499,7503,2018-07-14,2018-07-18,2018-07-15,5,2.6595848928833767,2.414640352657893,12.073201763289465,1,Moderate,5,1
7566,7574,2018-09-19,2018-09-27,2018-09-20,9,3.129353948791401,2.5277484486240205,22.749736037616184,2,Strong,5,1
7648,7670,2018-12-10,2019-01-01,2018-12-18,23,3.574931195167533,2.2148780710772793,50.94219563477742,2,Strong,5,1
7859,7864,2019-07-09,2019-07-14,2019-07-11,6,2.8352043777892177,2.347160051096079,14.082960306576474,1,Moderate,5,1
7876,7891,2019-07-26,2019-08-10,2019-07-27,16,3.3438878966501946,2.619238463283758,41.90781541254013,1,Moderate,5,1
8020,8024,2019-12-17,2019-12-21,2019-12-17,5,2.227691672888934,2.0323025129476138,10.161512564738068,1,Moderate,5,1
8050,8067,2020-01-16,2020-02-02,2020-01-18,18,3.27953736772581,2.5043409781681842,45.078137607027315,2,Strong,5,1
8085,8131,2020-02-20,2020-04-06,2020-04-01,47,3.49653045885764,2.6089667732645925,122.62143834343586,2,Strong,5,1
8136,8142,2020-04-11,2020-04-17,2020-04-14,7,2.5690774184631895,2.3103841896059865,16.172689327241905,1,Moderate,5,1
8147,8160,2020-04-22,2020-05-05,2020-04-27,14,3.4947522932587987,2.68981417545161,37.65739845632254,1,Moderate,5,1
8249,8258,2020-08-02,2020-08-11,2020-08-03,10,2.4899889979088456,2.120505860860059,21.205058608600588,1,Moderate,5,1
8463,8481,2021-03-04,2021-03-22,2021-03-20,19,2.9770960820652697,2.1484956454012702,40.82141726262413,1,Moderate,5,1
8495,8504,2021-04-05,2021-04-14,2021-04-09,10,2.558450417973729,2.2400636704871695,22.400636704871694,1,Moderate,5,1
8575,8591,2021-06-24,2021-07-10,2021-06-29,17,3.06353020738036,2.486898700169819,42.27727790288692,1,Moderate,5,1
8664,8668,2021-09-21,2021-09-25,2021-09-25,5,2.0167155017822402,1.7690042436184847,8.845021218092423,1,Moderate,5,1
8713,8727,2021-11-09,2021-11-23,2021-11-11,15,3.7129400011969356,2.9705322228760527,44.55798334314079,2,Strong,5,1
8735,8740,2021-12-01,2021-12-06,2021-12-04,6,2.945707418165881,2.1996889242464666,13.198133545478798,1,Moderate,5,1
8749,8755,2021-12-15,2021-12-21,2021-12-18,7,2.224215144615492,1.9572501310396848,13.700750917277794,1,Moderate,5,1
8921,8925,2022-06-05,2022-06-09,2022-06-07,5,2.489226490606466,2.173620794488368,10.86810397244184,1,Moderate,5,1
8930,8944,2022-06-14,2022-06-28,2022-06-27,15,3.34408566144128,2.566056078816724,38.49084118225086,2,Strong,5,1
9086,9098,2022-11-17,2022-11-29,2022-11-27,13,3.260454895371609,2.267975930906612,29.483687101785957,2,Strong,5,1
9123,9127,2022-12-24,2022-12-28,2022-12-25,5,1.7216142656830868,1.540525233221097,7.702626166105485,1,Moderate,5,1
9206,9215,2023-03-17,2023-03-26,2023-03-21,10,2.455794896226534,2.016475436001513,20.16475436001513,1,Moderate,5,1
9286,9295,2023-06-05,2023-06-14,2023-06-11,10,2.564858656892717,1.9884101105642469,19.88410110564247,1,Moderate,5,1
9349,9361,2023-08-07,2023-08-19,2023-08-14,13,3.6150920392681556,2.64405007322777,34.37265095196101,2,Strong,5,1
9480,9495,2023-12-16,2023-12-31,2023-12-28,16,2.6908220231864277,1.9902233785816703,31.843574057306725,2,Strong,5,1
510,526,1999-05-26,1999-06-11,1999-06-09,17,2.98298277857403,2.373381218894113,40.347480721199915,1,Moderate,5,2
677,681,1999-11-09,1999-11-13,1999-11-11,5,2.169660822237642,1.8537752693127878,9.268876346563939,1,Moderate,5,2
779,783,2000-02-19,2000-02-23,2000-02-22,5,2.894391998844558,2.4987304422690606,12.493652211345303,1,Moderate,5,2
789,798,2000-02-29,2000-03-09,2000-03-06,10,2.586049003338683,2.185608726428625,21.856087264286252,1,Moderate,5,2
906,922,2000-06-25,2000-07-11,2000-07-03,17,3.1108725649141284,2.4025220086347967,40.842874146791544,1,Moderate,5,2
1305,1320,2001-07-29,2001-08-13,2001-08-04,16,2.4488272634122765,1.8923225656181246,30.277161049889994,1,Moderate,5,2
1735,1744,2002-10-02,2002-10-11,2002-10-06,10,3.422036972585463,2.357368623036482,23.57368623036482,2,Strong,5,2
1876,1931,2003-02-20,2003-04-16,2003-03-23,56,3.963914760605551,2.6778104695883336,149.95738629694668,2,Strong,5,2
2075,2081,2003-09-07,2003-09-13,2003-09-09,7,2.611767026904346,2.258904252076929,15.812329764538504,1,Moderate,5,2
2657,2722,2005-04-11,2005-06-15,2005-06-04,66,6.025922347478193,3.6938419148419914,243.79356637957144,3,Severe,5,2
2731,2763,2005-06-24,2005-07-26,2005-06-28,33,4.816406162242949,3.176087738563103,104.8108953725824,2,Strong,5,2
2778,2793,2005-08-10,2005-08-25,2005-08-13,16,3.977335658610812,2.6834177953148477,42.93468472503756,2,Strong,5,2
3051,3055,2006-05-10,2006-05-14,2006-05-13,5,3.0077176873353295,2.5833937395021893,12.916968697510946,1,Moderate,5,2
3070,3074,2006-05-29,2006-06-02,2006-05-31,5,2.910374804198778,2.3407187443938704,11.703593721969352,1,Moderate,5,2
3412,3418,2007-05-06,2007-05-12,2007-05-08,7,2.7684944715191193,2.549790653569164,17.848534574984146,1,Moderate,5,2
3649,3700,2007-12-29,2008-02-18,2008-01-22,52,6.385335210175448,3.7429721176631117,194.6345501184818,3,Severe,5,2
3775,3783,2008-05-03,2008-05-11,2008-05-05,9,2.735368476901506,2.2669773193626415,20.402795874263774,1,Moderate,5,2
4267,4286,2009-09-07,2009-09-26,2009-09-23,20,3.0876951593026014,2.245541997569913,44.91083995139826,1,Moderate,5,2
4346,4368,2009-11-25,2009-12-17,2009-12-07,23,4.4563225036520056,2.962743662535029,68.14310423830567,2,Strong,5,2
4473,4482,2010-04-01,2010-04-10,2010-04-06,10,3.342476660018267,2.7873225416598464,27.873225416598462,1,Moderate,5,2
4928,4932,2011-06-30,2011-07-04,2011-07-02,5,2.6889542377689395,2.2794254416848103,11.397127208424052,1,Moderate,5,2
4968,4973,2011-08-09,2011-08-14,2011-08-12,6,2.0412009173638417,1.7791041525250126,10.674624915150076,1,Moderate,5,2
5008,5013,2011-09-18,2011-09-23,2011-09-22,6,2.6364100537655837,2.192672080207211,13.156032481243265,1,Moderate,5,2
5026,5055,2011-10-06,2011-11-04,2011-10-13,30,3.3473246506323324,2.1648049390904105,64.94414817271232,2,Strong,5,2
5728,5733,2013-09-07,2013-09-12,2013-09-09,6,3.078773388912655,2.4576307158071504,14.745784294842903,1,Moderate,5,2
6175,6180,2014-11-28,2014-12-03,2014-11-30,6,2.4522579507688,2.3681688680396014,14.209013208237607,1,Moderate,5,2
6248,6263,2015-02-09,2015-02-24,2015-02-20,16,3.125058962060418,2.4941323864615628,39.906118183385004,1,Moderate,5,2
6500,6528,2015-10-19,2015-11-16,2015-11-01,29,3.9830278161554222,2.5904635795228157,75.12344380616166,2,Strong,5,2
6540,6583,2015-11-28,2016-01-10,2015-12-17,44,4.44824359259195,3.397309959325813,149.48163821033577,2,Strong,5,2
6588,6601,2016-01-15,2016-01-28,2016-01-23,14,3.3384632460097823,2.67655303034613,37.471742424845814,2,Strong,5,2
6664,6673,2016-03-31,2016-04-09,2016-04-07,10,3.0399623660216903,2.6022072187890144,26.022072187890142,1,Moderate,5,2
7130,7134,2017-07-10,2017-07-14,2017-07-12,5,3.139795525628397,2.6497724031175816,13.248862015587907,1,Moderate,5,2
7505,7524,2018-07-20,2018-08-08,2018-07-25,20,3.4611997691297987,2.364572435248134,47.291448704962676,2,Strong,5,2
7530,7534,2018-08-14,2018-08-18,2018-08-16,5,2.3958380518346125,2.0982753577212057,10.49137678860603,1,Moderate,5,2
8039,8052,2020-01-05,2020-01-18,2020-01-11,14,4.41160275386301,2.748695516212226,38.48173722697116,2,Strong,5,2
8223,8236,2020-07-07,2020-07-20,2020-07-13,14,2.942486036322343,2.3739184196045002,33.234857874463,1,Moderate,5,2
8263,8268,2020-08-16,2020-08-21,2020-08-19,6,2.480548435677427,1.962683872769859,11.776103236619154,1,Moderate,5,2
8407,8415,2021-01-07,2021-01-15,2021-01-09,9,3.0783750004590633,2.4002443040628916,21.602198736566024,1,Moderate,5,2
8675,8690,2021-10-02,2021-10-17,2021-10-07,16,2.9228646172899246,2.108507297257168,33.73611675611469,1,Moderate,5,2
8697,8712,2021-10-24,2021-11-08,2021-11-02,16,3.1513485989611976,2.2663763140290776,36.26202102446524,2,Strong,5,2
8726,8732,2021-11-22,2021-11-28,2021-11-26,7,4.842948855950015,3.903454171130394,27.324179197912756,2,Strong,5,2
8763,8779,2021-12-29,2022-01-14,2022-01-06,17,3.0951401915758137,2.40803654487643,40.93662126289931,1,Moderate,5,2
8809,8813,2022-02-13,2022-02-17,2022-02-15,5,2.840415482362877,2.303811007149234,11.51905503574617,1,Moderate,5,2
8825,8829,2022-03-01,2022-03-05,2022-03-04,5,2.1434264325721912,1.9406838576052827,9.703419288026414,1,Moderate,5,2
8980,9000,2022-08-03,2022-08-23,2022-08-18,21,3.4694932080998946,2.428985141634049,51.00868797431502,2,Strong,5,2
9159,9163,2023-01-29,2023-02-02,2023-01-31,5,2.2751449565195845,2.0192215297410505,10.096107648705253,1,Moderate,5,2
9168,9173,2023-02-07,2023-02-12,2023-02-11,6,2.9400691663921137,2.4642365043820655,14.785419026292393,1,Moderate,5,2
9210,9214,2023-03-21,2023-03-25,2023-03-22,5,2.6223696837063084,2.2373374486051882,11.186687243025942,1,Moderate,5,2
9385,9400,2023-09-12,2023-09-27,2023-09-26,16,2.764256576528883,1.9977858480967507,31.964573569548012,1,Moderate,5,2
9450,9462,2023-11-16,2023-11-28,2023-11-24,13,3.4055927449541272,2.6204102841993557,34.06533369459162,1,Moderate,5,2
48,56,1998-02-18,1998-02-26,1998-02-22,9,5.07225387540487,3.8825371766331305,34.94283458969817,2,Strong,5,3
195,200,1998-07-15,1998-07-20,1998-07-20,6,2.618556767591244,2.2518786750607287,13.511272050364372,1,Moderate,5,3
234,245,1998-08-23,1998-09-03,1998-08-26,12,3.7868133010790217,2.9699495595360843,35.63939471443301,2,Strong,5,3
323,351,1998-11-20,1998-12-18,1998-12-08,29,5.633650042739665,3.776447256502206,109.51697043856397,3,Severe,5,3
381,385,1999-01-17,1999-01-21,1999-01-19,5,2.2175306765795373,1.8098779978786017,9.049389989393008,1,Moderate,5,3
554,569,1999-07-09,1999-07-24,1999-07-15,16,3.1334454946352146,2.64593567280722,42.33497076491552,1,Moderate,5,3
628,633,1999-09-21,1999-09-26,1999-09-21,6,1.8098022954732862,1.7004932844107206,10.202959706464323,1,Moderate,5,3
644,648,1999-10-07,1999-10-11,1999-10-10,5,2.601805760169416,2.1722839396570963,10.86141969828548,1,Moderate,5,3
918,922,2000-07-07,2000-07-11,2000-07-09,5,2.9607230090313834,2.6190974827928137,13.095487413964069,1,Moderate,5,3
964,979,2000-08-22,2000-09-06,2000-09-01,16,2.8607822068777047,2.327752050564338,37.244032809029406,1,Moderate,5,3
1121,1127,2001-01-26,2001-02-01,2001-02-01,7,2.0975891912813918,1.890169449442311,13.231186146096176,1,Moderate,5,3
1895,1901,2003-03-11,2003-03-17,2003-03-12,7,2.920106999537996,2.46180290915027,17.23262036405189,1,Moderate,5,3
2183,2199,2003-12-24,2004-01-09,2004-01-05,17,3.0176473142830424,2.3320884295269932,39.64550330195888,2,Strong,5,3
2280,2287,2004-03-30,2004-04-06,2004-04-02,8,3.0780102932097897,2.325494812957805,18.60395850366244,1,Moderate,5,3
2494,2513,2004-10-30,2004-11-18,2004-11-11,20,3.873938776324076,2.771854114278075,55.437082285561495,1,Moderate,5,3
2763,2772,2005-07-26,2005-08-04,2005-08-01,10,3.674432693465718,2.891661781130937,28.91661781130937,2,Strong,5,3
2790,2794,2005-08-22,2005-08-26,2005-08-23,5,2.1100279352885103,1.9076383362619638,9.538191681309819,1,Moderate,5,3
3016,3028,2006-04-05,2006-04-17,2006-04-14,13,4.151826060731839,3.1635144662239627,41.125688060911514,2,Strong,5,3
3450,3481,2007-06-13,2007-07-14,2007-06-16,32,4.435486435331562,2.418248130863727,77.38394018763927,2,Strong,5,3
3645,3651,2007-12-25,2007-12-31,2007-12-25,7,2.0204941688500053,1.8264849695767684,12.78539478703738,1,Moderate,5,3
3716,3723,2008-03-05,2008-03-12,2008-03-12,8,3.1634907899388907,2.833387962733748,22.667103701869983,1,Moderate,5,3
3787,3798,2008-05-15,2008-05-26,2008-05-18,12,2.406050962045402,1.8969866828426791,22.76384019411215,1,Moderate,5,3
3889,3900,2008-08-25,2008-09-05,2008-08-29,12,2.830124457329301,2.1723247283652922,26.067896740383507,1,Moderate,5,3
4039,4046,2009-01-22,2009-01-29,2009-01-25,8,2.4258801721741374,1.9613946586093667,15.691157268874933,1,Moderate,5,3
4059,4080,2009-02-11,2009-03-04,2009-02-20,22,4.099700031507375,2.7331067362853365,60.1283481982774,2,Strong,5,3
4084,4094,2009-03-08,2009-03-18,2009-03-10,11,3.2179815630885624,2.807246597554294,30.879712573097237,1,Moderate,5,3
4141,4147,2009-05-04,2009-05-10,2009-05-06,7,2.4080186066020737,1.8605219865205365,13.023653905643755,1,Moderate,5,3
4553,4557,2010-06-20,2010-06-24,2010-06-22,5,2.3604908463967504,2.0106704247459937,10.053352123729969,1,Moderate,5,3
4822,4835,2011-03-16,2011-03-29,2011-03-24,14,2.935136177138295,2.3872745267136213,33.4218433739907,1,Moderate,5,3
4890,4904,2011-05-23,2011-06-06,2011-06-02,15,3.900880683980688,3.193611103905178,47.90416655857767,2,Strong,5,3
5022,5055,2011-10-02,2011-11-04,2011-10-22,34,4.452888050944786,3.22287480828397,109.57774348165498,2,Strong,5,3
5084,5095,2011-12-03,2011-12-14,2011-12-09,12,3.845280568266988,2.8784380491388526,34.54125658966623,2,Strong,5,3
5116,5123,2012-01-04,2012-01-11,2012-01-07,8,3.1930013333047818,2.704339746229322,21.634717969834576,2,Strong,5,3
5242,5272,2012-05-09,2012-06-08,2012-06-04,31,4.24629931898426,2.706712593083061,83.9080903855749,2,Strong,5,3
6068,6072,2014-08-13,2014-08-17,2014-08-15,5,2.7421595234717344,2.3158702911492894,11.579351455746448,1,Moderate,5,3
6373,6379,2015-06-14,2015-06-20,2015-06-18,7,2.1659735342406883,1.9248648611651558,13.47405402815609,1,Moderate,5,3
6384,6389,2015-06-25,2015-06-30,2015-06-26,6,2.337582242233662,1.9991307114927033,11.99478426895622,1,Moderate,5,3
6599,6603,2016-01-26,2016-01-30,2016-01-29,5,2.4347566198584865,2.0135353259861457,10.067676629930729,1,Moderate,5,3
6770,6812,2016-07-15,2016-08-26,2016-07-21,43,4.334072372835134,2.6124310391721908,112.3345346844042,2,Strong,5,3
6896,6904,2016-11-18,2016-11-26,2016-11-23,9,2.953517590768108,2.465435511902534,22.188919607122806,1,Moderate,5,3
7289,7293,2017-12-16,2017-12-20,2017-12-16,5,2.2566333732849753,2.003065394951088,10.01532697475544,1,Moderate,5,3
7572,7578,2018-09-25,2018-10-01,2018-09-29,7,2.3723734062380757,1.980479105807073,13.863353740649512,1,Moderate,5,3
7926,7930,2019-09-14,2019-09-18,2019-09-18,5,2.42902604807637,1.9030137087736043,9.515068543868022,1,Moderate,5,3
8050,8075,2020-01-16,2020-02-10,2020-02-07,26,3.293875021740755,2.1351157767628752,55.51301019583476,1,Moderate,5,3
8145,8150,2020-04-20,2020-04-25,2020-04-20,6,2.5506099597592566,1.9763567163125029,11.858140297875018,1,Moderate,5,3
8266,8270,2020-08-19,2020-08-23,2020-08-23,5,2.584734148146257,2.071418580227641,10.357092901138206,1,Moderate,5,3
8399,8436,2020-12-30,2021-02-05,2021-01-20,38,6.912173982235375,4.563379084524807,173.40840521194266,4,Extreme,5,3
8449,8454,2021-02-18,2021-02-23,2021-02-19,6,2.853925844756885,2.433249247549174,14.599495485295044,1,Moderate,5,3
8540,8547,2021-05-20,2021-05-27,2021-05-24,8,2.875539234609569,2.248310117646754,17.986480941174033,1,Moderate,5,3
8611,8616,2021-07-30,2021-08-04,2021-07-31,6,3.070230415385563,2.2123512425308167,13.2741074551849,1,Moderate,5,3
8842,8867,2022-03-18,2022-04-12,2022-04-01,26,4.231177232393952,2.6253750703932046,68.25975183022332,2,Strong,5,3
8976,8992,2022-07-30,2022-08-15,2022-08-11,17,3.572776694922645,2.47203224092976,42.024548095805926,2,Strong,5,3
9006,9012,2022-08-29,2022-09-04,2022-09-02,7,3.0546617088597223,2.406004473253096,16.842031312771674,1,Moderate,5,3
9020,9028,2022-09-12,2022-09-20,2022-09-17,9,3.6522282563599973,2.484339007611616,22.359051068504545,2,Strong,5,3
9032,9039,2022-09-24,2022-10-01,2022-09-26,8,2.258186236571504,1.7809326685479925,14.24746134838394,1,Moderate,5,3
9119,9151,2022-12-20,2023-01-21,2022-12-22,33,3.1035101439827777,2.1916894267198352,72.32575108175456,1,Moderate,5,3
9309,9330,2023-06-28,2023-07-19,2023-07-12,22,3.6624440339832667,2.739289060082166,60.26435932180766,2,Strong,5,3
113,120,1998-04-24,1998-05-01,1998-04-29,8,2.9915910574902327,2.443616419839144,19.54893135871315,1,Moderate,5,4
232,243,1998-08-21,1998-09-01,1998-08-25,12,3.2911209888146082,2.3389924315450625,28.06790917854075,2,Strong,5,4
412,419,1999-02-17,1999-02-24,1999-02-19,8,3.017078059889327,2.44554295032055,19.5643436025644,1,Moderate,5,4
529,535,1999-06-14,1999-06-20,1999-06-15,7,2.8474951775258184,2.2742138833531382,15.919497183471968,1,Moderate,5,4
952,956,2000-08-10,2000-08-14,2000-08-12,5,2.3591758107614424,1.931650430466182,9.65825215233091,1,Moderate,5,4
962,970,2000-08-20,2000-08-28,2000-08-25,9,3.823845336938927,2.988069082764671,26.89262174488204,2,Strong,5,4
1044,1062,2000-11-10,2000-11-28,2000-11-22,19,3.424420519311955,2.768299200568083,52.597684810793574,1,Moderate,5,4
1069,1074,2000-12-05,2000-12-10,2000-12-07,6,2.390444644186829,2.097068267730614,12.582409606383683,1,Moderate,5,4
1349,1366,2001-09-11,2001-09-28,2001-09-23,18,2.6755713689510614,1.9554825814815742,35.198686466668335,1,Moderate,5,4
1416,1424,2001-11-17,2001-11-25,2001-11-21,9,3.2173206827894774,2.5394224553957323,22.854802098561592,1,Moderate,5,4
1433,1440,2001-12-04,2001-12-11,2001-12-05,8,2.6702538865747787,2.336590616376577,18.692724931012616,1,Moderate,5,4
1711,1716,2002-09-08,2002-09-13,2002-09-12,6,2.213625184676058,1.9248399320290648,11.549039592174388,1,Moderate,5,4
1959,1996,2003-05-14,2003-06-20,2003-06-04,38,3.97883496755745,2.6748195786806104,101.64314398986319,2,Strong,5,4
2023,2032,2003-07-17,2003-07-26,2003-07-23,10,2.4183801110665044,2.1663399610088416,21.663399610088415,1,Moderate,5,4
2236,2241,2004-02-15,2004-02-20,2004-02-16,6,2.453366628959195,2.001384063620875,12.00830438172525,1,Moderate,5,4
2269,2290,2004-03-19,2004-04-09,2004-03-26,22,5.554725479948791,4.50968716598651,99.21311765170323,2,Strong,5,4
2458,2466,2004-09-24,2004-10-02,2004-09-29,9,2.5920862122828687,2.1016840696739982,18.915156627065983,1,Moderate,5,4
2730,2744,2005-06-23,2005-07-07,2005-06-24,15,2.7797804009500844,2.0505223909143844,30.757835863715766,1,Moderate,5,4
2923,2936,2006-01-02,2006-01-15,2006-01-15,14,3.349946451101788,2.8263586127808744,39.56902057893224,1,Moderate,5,4
3115,3119,2006-07-13,2006-07-17,2006-07-16,5,2.475426991985948,2.189096874205236,10.945484371026179,1,Moderate,5,4
3260,3265,2006-12-05,2006-12-10,2006-12-06,6,2.2048858507692053,1.9243831375958813,11.546298825575288,1,Moderate,5,4
3319,3326,2007-02-02,2007-02-09,2007-02-06,8,3.2633385143869926,2.832595743709545,22.66076594967636,1,Moderate,5,4
3552,3565,2007-09-23,2007-10-06,2007-10-01,14,3.0142172011266872,2.315207119754428,32.41289967656199,2,Strong,5,4
3615,3620,2007-11-25,2007-11-30,2007-11-28,6,2.66464514353612,2.3392124690588134,14.03527481435288,1,Moderate,5,4
3866,3871,2008-08-02,2008-08-07,2008-08-06,6,2.4957124033776097,2.0548792420474946,12.329275452284968,1,Moderate,5,4
4669,4686,2010-10-14,2010-10-31,2010-10-29,18,2.8381631425382228,2.039018024666711,36.702324444000794,2,Strong,5,4
5199,5208,2012-03-27,2012-04-05,2012-03-31,10,3.609371140186214,3.1749283861406434,31.749283861406433,1,Moderate,5,4
5463,5467,2012-12-16,2012-12-20,2012-12-18,5,2.614091260611138,2.195420248887893,10.977101244439464,1,Moderate,5,4
6022,6061,2014-06-28,2014-08-06,2014-07-05,40,4.426871487091727,3.0651420651143146,122.60568260457258,2,Strong,5,4
6228,6232,2015-01-20,2015-01-24,2015-01-23,5,3.5681318798349313,2.9510340859271507,14.755170429635754,1,Moderate,5,4
6241,6245,2015-02-02,2015-02-06,2015-02-03,5,3.0869986961923956,2.4868458404616236,12.434229202308119,1,Moderate,5,4
6323,6344,2015-04-25,2015-05-16,2015-05-06,22,7.021507161959544,4.586967092778937,100.91327604113661,4,Extreme,5,4
6500,6524,2015-10-19,2015-11-12,2015-10-25,25,3.677019592964829,2.5888001756102055,64.72000439025514,2,Strong,5,4
6637,6642,2016-03-04,2016-03-09,2016-03-04,6,2.44547643608575,1.8752930468009694,11.251758280805817,1,Moderate,5,4
6646,6665,2016-03-13,2016-04-01,2016-03-18,20,4.195682866637435,3.0611212771537852,61.2224255430757,2,Strong,5,4
6710,6721,2016-05-16,2016-05-27,2016-05-19,12,2.9630523337248285,2.3345860441446744,28.015032529736093,1,Moderate,5,4
6741,6748,2016-06-16,2016-06-23,2016-06-20,8,2.7746464870742393,2.261177057774322,18.089416462194578,1,Moderate,5,4
6931,6943,2016-12-23,2017-01-04,2016-12-31,13,3.2029406507522964,2.374029139279915,30.862378810638894,1,Moderate,5,4
6956,6970,2017-01-17,2017-01-31,2017-01-21,15,3.9380114503847956,2.874503621527082,43.11755432290623,1,Moderate,5,4
6985,6998,2017-02-15,2017-02-28,2017-02-22,14,2.2159664279165163,1.9234197869636485,26.927877017491078,1,Moderate,5,4
7050,7057,2017-04-21,2017-04-28,2017-04-24,8,2.551628453381987,2.076554011380611,16.612432091044887,1,Moderate,5,4
7541,7563,2018-08-25,2018-09-16,2018-09-09,23,3.3935716150965263,2.7213360802809636,62.59072984646217,2,Strong,5,4
7608,7618,2018-10-31,2018-11-10,2018-11-06,11,3.2122156481784465,2.558144492081018,28.139589412891198,1,Moderate,5,4
7721,7728,2019-02-21,2019-02-28,2019-02-22,8,2.237579977716381,1.9950430203432707,15.960344162746166,1,Moderate,5,4
7734,7739,2019-03-06,2019-03-11,2019-03-08,6,2.728406107250752,2.2553066473231715,13.53183988393903,1,Moderate,5,4
7833,7840,2019-06-13,2019-06-20,2019-06-19,8,3.1190779259017596,2.2797789181582706,18.238231345266165,1,Moderate,5,4
7856,7862,2019-07-06,2019-07-12,2019-07-09,7,2.4252617388405078,2.0151689555017596,14.106182688512316,1,Moderate,5,4
7918,7924,2019-09-06,2019-09-12,2019-09-09,7,2.5354244756422695,2.089398498936581,14.625789492556066,1,Moderate,5,4
8178,8192,2020-05-23,2020-06-06,2020-05-30,15,2.7833528131986114,2.092800250861558,31.39200376292337,1,Moderate,5,4
8213,8240,2020-06-27,2020-07-24,2020-07-17,28,3.3961111951254246,2.38198729495961,66.69564425886908,1,Moderate,5,4
8251,8255,2020-08-04,2020-08-08,2020-08-07,5,2.317111108323207,1.8531897421180736,9.265948710590369,1,Moderate,5,4
8261,8265,2020-08-14,2020-08-18,2020-08-16,5,2.1460101293525575,1.951720275102857,9.758601375514285,1,Moderate,5,4
8284,8297,2020-09-06,2020-09-19,2020-09-12,14,3.325092077106735,2.291346629554974,32.078852813769636,2,Strong,5,4
8511,8515,2021-04-21,2021-04-25,2021-04-23,5,2.6588033250214096,2.24245601484562,11.2122800742281,1,Moderate,5,4
8521,8526,2021-05-01,2021-05-06,2021-05-05,6,4.1181264559783415,2.9324802175474667,17.5948813052848,2,Strong,5,4
8865,8882,2022-04-10,2022-04-27,2022-04-22,18,3.644097155438512,2.6025328413954063,46.84559114511731,2,Strong,5,4
9027,9047,2022-09-19,2022-10-09,2022-09-24,21,2.9345695057178283,2.068585276231757,43.440290800866904,1,Moderate,5,4
9224,9236,2023-04-04,2023-04-16,2023-04-09,13,3.144790588422387,2.6731529268861203,34.75098804951956,1,Moderate,5,4
9367,9387,2023-08-25,2023-09-14,2023-09-13,21,3.282524308648725,2.191429808729637,46.02002598332238,2,Strong,5,4
409,420,1999-02-14,1999-02-25,1999-02-18,12,4.003091518246531,2.858889957780857,34.30667949337028,2,Strong,5,5
620,632,1999-09-13,1999-09-25,1999-09-23,13,2.441235853460885,1.9650148420019127,25.545192946024866,1,Moderate,5,5
747,760,2000-01-18,2000-01-31,2000-01-26,14,3.0503226950819595,2.183763933993976,30.572695075915664,1,Moderate,5,5
807,844,2000-03-18,2000-04-24,2000-04-13,38,3.7961905809405287,2.8132359748253166,106.90296704336203,2,Strong,5,5
1460,1487,2001-12-31,2002-01-27,2002-01-06,28,4.012108402376839,2.6987375568846326,75.5646515927697,2,Strong,5,5
1507,1513,2002-02-16,2002-02-22,2002-02-20,7,2.2538481818090226,1.9736656580829786,13.81565960658085,1,Moderate,5,5
1559,1565,2002-04-09,2002-04-15,2002-04-11,7,2.947265243892371,2.3887278874686713,16.721095212280698,1,Moderate,5,5
1577,1593,2002-04-27,2002-05-13,2002-05-11,17,3.133709666609615,2.335859803168382,39.7096166538625,1,Moderate,5,5
1625,1643,2002-06-14,2002-07-02,2002-06-25,19,3.0426415826002717,2.2850108192555454,43.41520556585536,1,Moderate,5,5
1665,1692,2002-07-24,2002-08-20,2002-08-04,28,3.5722435831106374,2.5944307275693803,72.64406037194264,2,Strong,5,5
1862,1873,2003-02-06,2003-02-17,2003-02-09,12,3.3899054127550023,2.549104180570841,30.589250166850093,2,Strong,5,5
2362,2366,2004-06-20,2004-06-24,2004-06-22,5,2.142993169414769,1.994448676070278,9.97224338035139,1,Moderate,5,5
2383,2390,2004-07-11,2004-07-18,2004-07-13,8,2.2655046677484947,1.9003233116939442,15.202586493551554,1,Moderate,5,5
2632,2640,2005-03-17,2005-03-25,2005-03-22,9,3.3417405148088424,2.520895496862861,22.688059471765747,2,Strong,5,5
2749,2758,2005-07-12,2005-07-21,2005-07-14,10,2.7591348225081553,2.173499374732221,21.73499374732221,1,Moderate,5,5
3175,3184,2006-09-11,2006-09-20,2006-09-17,10,3.0554162097897866,2.2812013601444505,22.812013601444505,1,Moderate,5,5
3273,3287,2006-12-18,2007-01-01,2006-12-21,15,4.2328807263588075,2.8162868144282993,42.24430221642449,2,Strong,5,5
3647,3653,2007-12-27,2008-01-02,2007-12-31,7,2.518370931745862,1.9983818604414836,13.988673023090385,1,Moderate,5,5
3959,3969,2008-11-03,2008-11-13,2008-11-06,11,2.7796934150103407,2.3240920978942,25.565013076836202,1,Moderate,5,5
3976,4001,2008-11-20,2008-12-15,2008-11-24,26,3.6504656991059345,2.5881510782195267,67.29192803370769,1,Moderate,5,5
4150,4155,2009-05-13,2009-05-18,2009-05-15,6,2.7740284051101547,2.2797132921397236,13.678279752838343,1,Moderate,5,5
4236,4255,2009-08-07,2009-08-26,2009-08-18,20,4.069791491574016,3.0494329588914275,60.98865917782855,2,Strong,5,5
4259,4277,2009-08-30,2009-09-17,2009-09-09,19,3.6008373833433325,2.657040086857608,50.483761650294554,2,Strong,5,5
4318,4325,2009-10-28,2009-11-04,2009-11-01,8,3.079591953615335,2.155954160629122,17.247633285032975,1,Moderate,5,5
4441,4458,2010-02-28,2010-03-17,2010-03-02,18,3.2769758252841523,2.5587749928218653,46.05794987079358,2,Strong,5,5
4464,4468,2010-03-23,2010-03-27,2010-03-27,5,2.7724360685978144,2.1439301828365003,10.719650914182502,1,Moderate,5,5
4743,4752,2010-12-27,2011-01-05,2011-01-01,10,2.882783845569632,2.0695293875329286,20.695293875329284,1,Moderate,5,5
4851,4855,2011-04-14,2011-04-18,2011-04-17,5,3.0699715000282684,2.5805609251539052,12.902804625769527,1,Moderate,5,5
4890,4904,2011-05-23,2011-06-06,2011-05-31,15,3.887995933401406,2.7807517787473817,41.71127668121073,2,Strong,5,5
5031,5038,2011-10-11,2011-10-18,2011-10-15,8,2.493422948432034,2.0483947489123486,16.38715799129879,1,Moderate,5,5
5396,5415,2012-10-10,2012-10-29,2012-10-18,20,6.161594895662601,4.429870190046744,88.59740380093488,3,Severe,5,5
5935,5948,2014-04-02,2014-04-15,2014-04-13,14,3.7520954185083255,2.663989823355212,37.295857526972966,1,Moderate,5,5
5967,5971,2014-05-04,2014-05-08,2014-05-07,5,2.3690639759801044,1.9962187020742377,9.981093510371188,1,Moderate,5,5
5976,5983,2014-05-13,2014-05-20,2014-05-14,8,2.528287655791427,2.1947640708681533,17.558112566945226,1,Moderate,5,5
5992,5999,2014-05-29,2014-06-05,2014-06-02,8,2.558484572545794,2.128975319453115,17.03180255562492,1,Moderate,5,5
6050,6058,2014-07-26,2014-08-03,2014-07-31,9,2.826025790422335,2.3885118419977704,21.496606577979932,1,Moderate,5,5
6231,6235,2015-01-23,2015-01-27,2015-01-23,5,2.272692337267941,1.9254423236292255,9.627211618146127,1,Moderate,5,5
6241,6248,2015-02-02,2015-02-09,2015-02-05,8,3.333916698675795,2.6404368573415207,21.123494858732165,2,Strong,5,5
6395,6401,2015-07-06,2015-07-12,2015-07-07,7,2.9525243567733277,2.3332124181582876,16.332486927108015,1,Moderate,5,5
6747,6752,2016-06-22,2016-06-27,2016-06-23,6,2.413164460932798,2.1850633127134826,13.110379876280895,1,Moderate,5,5
6880,6901,2016-11-02,2016-11-23,2016-11-06,22,3.756225511868154,2.9317267454956664,64.49798840090466,2,Strong,5,5
7148,7157,2017-07-28,2017-08-06,2017-07-28,10,2.6858779494318696,2.1927994338592045,21.927994338592047,1,Moderate,5,5
7191,7201,2017-09-09,2017-09-19,2017-09-14,11,2.424516580780093,2.106037357724485,23.16641093496933,1,Moderate,5,5
7342,7363,2018-02-07,2018-02-28,2018-02-16,22,2.7281056392405922,2.140525583332278,47.091562833310114,1,Moderate,5,5
7368,7375,2018-03-05,2018-03-12,2018-03-08,8,2.333957289115334,1.893432600959458,15.147460807675664,1,Moderate,5,5
7491,7499,2018-07-06,2018-07-14,2018-07-10,9,2.6957079082017223,2.1259086068261315,19.133177461435185,1,Moderate,5,5
7634,7646,2018-11-26,2018-12-08,2018-12-03,13,3.084215474678226,2.5603759607228094,33.284887489396525,1,Moderate,5,5
7654,7678,2018-12-16,2019-01-09,2018-12-21,25,3.3632513237094273,2.4451580443194176,61.12895110798544,2,Strong,5,5
7735,7739,2019-03-07,2019-03-11,2019-03-08,5,1.7625638058527802,1.5511222959525495,7.755611479762747,1,Moderate,5,5
7990,7996,2019-11-17,2019-11-23,2019-11-21,7,3.1285816607432757,2.674802910580403,18.723620374062822,1,Moderate,5,5
8004,8012,2019-12-01,2019-12-09,2019-12-07,9,2.7051941146807543,2.230274887057964,20.072473983521675,1,Moderate,5,5
8028,8032,2019-12-25,2019-12-29,2019-12-29,5,2.336782952846022,2.0660660417286794,10.330330208643398,1,Moderate,5,5
8036,8040,2020-01-02,2020-01-06,2020-01-04,5,2.11366398476825,1.8178274064489925,9.089137032244963,1,Moderate,5,5
8053,8075,2020-01-19,2020-02-10,2020-01-30,23,3.126802325350029,2.2747029917266226,52.31816880971232,1,Moderate,5,5
8094,8107,2020-02-29,2020-03-13,2020-03-10,14,2.316733432572411,1.9699302320068373,27.579023248095723,1,Moderate,5,5
8120,8130,2020-03-26,2020-04-05,2020-03-28,11,3.388885031992727,2.6053883310532666,28.65927164158593,1,Moderate,5,5
8247,8252,2020-07-31,2020-08-05,2020-08-01,6,2.3235078587058666,1.960431336576492,11.762588019458953,1,Moderate,5,5
8268,8273,2020-08-21,2020-08-26,2020-08-23,6,2.224409584581693,1.8193465909652342,10.916079545791405,1,Moderate,5,5
8655,8679,2021-09-12,2021-10-06,2021-09-28,25,3.863180863089621,2.9447965732594037,73.61991433148509,2,Strong,5,5
8693,8698,2021-10-20,2021-10-25,2021-10-24,6,2.222322361886638,2.016341368043907,12.098048208263442,1,Moderate,5,5
8731,8737,2021-11-27,2021-12-03,2021-12-01,7,2.8296119629677943,2.2652509206064253,15.856756444244978,1,Moderate,5,5
8748,8769,2021-12-14,2022-01-04,2021-12-21,22,3.2618352113043443,2.4589921941596065,54.09782827151134,2,Strong,5,5
8784,8797,2022-01-19,2022-02-01,2022-01-22,14,2.821527433859748,2.2197711299020604,31.076795818628845,1,Moderate,5,5
8807,8819,2022-02-11,2022-02-23,2022-02-18,13,2.857925022570786,2.2047196997106546,28.66135609623851,1,Moderate,5,5
8834,8841,2022-03-10,2022-03-17,2022-03-16,8,2.100736404625568,1.7390697768875458,13.912558215100367,1,Moderate,5,5
8848,8932,2022-03-24,2022-06-16,2022-05-23,85,4.2242846653084065,2.835091742935289,240.9827981494996,2,Strong,5,5
9268,9283,2023-05-18,2023-06-02,2023-05-22,16,3.5310255630706315,2.5912082987934335,41.459332780694936,2,Strong,5,5
